1;Jan 13, 2022 15:39:28.783790759 CET;192.168.1.102;192.168.1.104;50066;1883;74;50066 → 1883 [SYN] Seq=0 Win=42340 Len=0 MSS=1460 SACK_PERM=1 TSval=1796873679 TSecr=0 WS=512;
2;Jan 13, 2022 15:39:29.804778029 CET;192.168.1.102;192.168.1.104;50066;1883;74;[TCP Retransmission] 50066 → 1883 [SYN] Seq=0 Win=42340 Len=0 MSS=1460 SACK_PERM=1 TSval=1796874700 TSecr=0 WS=512;
3;Jan 13, 2022 15:39:29.923204769 CET;192.168.1.104;192.168.1.102;1883;50066;58;1883 → 50066 [SYN, ACK] Seq=0 Ack=1 Win=8192 Len=0 MSS=1460;
4;Jan 13, 2022 15:39:29.923222408 CET;192.168.1.102;192.168.1.104;50066;1883;54;50066 → 1883 [ACK] Seq=1 Ack=1 Win=42340 Len=0;
5;Jan 13, 2022 15:39:29.923278258 CET;192.168.1.102;192.168.1.104;50066;1883;108;Connect Command;
6;Jan 13, 2022 15:39:33.009835971 CET;192.168.1.102;192.168.1.104;50066;1883;108;[TCP Retransmission] 50066 → 1883 [PSH, ACK] Seq=1 Ack=1 Win=42340 Len=54;
7;Jan 13, 2022 15:39:33.065444119 CET;192.168.1.104;192.168.1.102;1883;50066;54;1883 → 50066 [ACK] Seq=1 Ack=55 Win=8192 Len=0;
8;Jan 13, 2022 15:39:33.069041523 CET;192.168.1.104;192.168.1.102;1883;50066;58;Connect Ack;
9;Jan 13, 2022 15:39:33.069050279 CET;192.168.1.102;192.168.1.104;50066;1883;54;50066 → 1883 [ACK] Seq=55 Ack=5 Win=42336 Len=0;
10;Jan 13, 2022 15:39:33.069086071 CET;192.168.1.102;192.168.1.104;50066;1883;73;Publish Message [topic];message001
11;Jan 13, 2022 15:39:33.069098495 CET;192.168.1.102;192.168.1.104;50066;1883;56;Disconnect Req;
12;Jan 13, 2022 15:39:38.073145415 CET;192.168.1.102;192.168.1.104;50068;1883;74;50068 → 1883 [SYN] Seq=0 Win=42340 Len=0 MSS=1460 SACK_PERM=1 TSval=1796882969 TSecr=0 WS=512;
13;Jan 13, 2022 15:39:38.127424362 CET;192.168.1.104;192.168.1.102;1883;50068;58;1883 → 50068 [SYN, ACK] Seq=0 Ack=1 Win=8192 Len=0 MSS=1460;
14;Jan 13, 2022 15:39:38.127455803 CET;192.168.1.102;192.168.1.104;50068;1883;54;50068 → 1883 [ACK] Seq=1 Ack=1 Win=42340 Len=0;
15;Jan 13, 2022 15:39:38.127499220 CET;192.168.1.102;192.168.1.104;50068;1883;108;Connect Command;
16;Jan 13, 2022 15:39:38.412579510 CET;192.168.1.102;192.168.1.104;50068;1883;108;[TCP Retransmission] 50068 → 1883 [PSH, ACK] Seq=1 Ack=1 Win=42340 Len=54;
17;Jan 13, 2022 15:39:38.482858540 CET;192.168.1.104;192.168.1.102;1883;50068;54;1883 → 50068 [ACK] Seq=1 Ack=55 Win=8192 Len=0;
18;Jan 13, 2022 15:39:38.491219852 CET;192.168.1.104;192.168.1.102;1883;50068;58;Connect Ack;
19;Jan 13, 2022 15:39:38.491238816 CET;192.168.1.102;192.168.1.104;50068;1883;54;50068 → 1883 [ACK] Seq=55 Ack=5 Win=42336 Len=0;
20;Jan 13, 2022 15:39:38.491299284 CET;192.168.1.102;192.168.1.104;50068;1883;73;Publish Message [topic];message002
21;Jan 13, 2022 15:39:38.491314735 CET;192.168.1.102;192.168.1.104;50068;1883;56;Disconnect Req;
22;Jan 13, 2022 15:39:39.020758799 CET;192.168.1.102;192.168.1.104;50068;1883;75;[TCP Retransmission] 50068 → 1883 [FIN, PSH, ACK] Seq=55 Ack=5 Win=42336 Len=21;
23;Jan 13, 2022 15:39:39.076263986 CET;192.168.1.104;192.168.1.102;1883;50068;54;1883 → 50068 [FIN, ACK] Seq=5 Ack=77 Win=8192 Len=0;
24;Jan 13, 2022 15:39:39.076290557 CET;192.168.1.102;192.168.1.104;50068;1883;54;50068 → 1883 [ACK] Seq=77 Ack=6 Win=42335 Len=0;
25;Jan 13, 2022 15:39:39.148531054 CET;192.168.1.102;192.168.1.104;50066;1883;75;[TCP Retransmission] 50066 → 1883 [FIN, PSH, ACK] Seq=55 Ack=5 Win=42336 Len=21;
26;Jan 13, 2022 15:39:39.205244806 CET;192.168.1.104;192.168.1.102;1883;50066;54;1883 → 50066 [FIN, ACK] Seq=5 Ack=77 Win=8192 Len=0;
27;Jan 13, 2022 15:39:39.205269807 CET;192.168.1.102;192.168.1.104;50066;1883;54;50066 → 1883 [ACK] Seq=77 Ack=6 Win=42335 Len=0;
28;Jan 13, 2022 15:39:43.496520417 CET;192.168.1.102;192.168.1.104;50070;1883;74;50070 → 1883 [SYN] Seq=0 Win=42340 Len=0 MSS=1460 SACK_PERM=1 TSval=1796888392 TSecr=0 WS=512;
29;Jan 13, 2022 15:39:43.551973959 CET;192.168.1.104;192.168.1.102;1883;50070;58;1883 → 50070 [SYN, ACK] Seq=0 Ack=1 Win=8192 Len=0 MSS=1460;
30;Jan 13, 2022 15:39:43.552013447 CET;192.168.1.102;192.168.1.104;50070;1883;54;50070 → 1883 [ACK] Seq=1 Ack=1 Win=42340 Len=0;
31;Jan 13, 2022 15:39:43.552071065 CET;192.168.1.102;192.168.1.104;50070;1883;108;Connect Command;
32;Jan 13, 2022 15:39:43.820568582 CET;192.168.1.102;192.168.1.104;50070;1883;108;[TCP Retransmission] 50070 → 1883 [PSH, ACK] Seq=1 Ack=1 Win=42340 Len=54;
33;Jan 13, 2022 15:39:43.881462931 CET;192.168.1.104;192.168.1.102;1883;50070;54;1883 → 50070 [ACK] Seq=1 Ack=55 Win=8192 Len=0;
34;Jan 13, 2022 15:39:43.882927202 CET;192.168.1.104;192.168.1.102;1883;50070;58;Connect Ack;
35;Jan 13, 2022 15:39:43.882950303 CET;192.168.1.102;192.168.1.104;50070;1883;54;50070 → 1883 [ACK] Seq=55 Ack=5 Win=42336 Len=0;
36;Jan 13, 2022 15:39:43.883013228 CET;192.168.1.102;192.168.1.104;50070;1883;73;Publish Message [topic];message003
37;Jan 13, 2022 15:39:43.883029000 CET;192.168.1.102;192.168.1.104;50070;1883;56;Disconnect Req;
38;Jan 13, 2022 15:39:44.396520225 CET;192.168.1.102;192.168.1.104;50070;1883;75;[TCP Retransmission] 50070 → 1883 [FIN, PSH, ACK] Seq=55 Ack=5 Win=42336 Len=21;
39;Jan 13, 2022 15:39:44.451147874 CET;192.168.1.104;192.168.1.102;1883;50070;54;1883 → 50070 [FIN, ACK] Seq=5 Ack=77 Win=8192 Len=0;
40;Jan 13, 2022 15:39:44.451180209 CET;192.168.1.102;192.168.1.104;50070;1883;54;50070 → 1883 [ACK] Seq=77 Ack=6 Win=42335 Len=0;
41;Jan 13, 2022 15:39:48.887818073 CET;192.168.1.102;192.168.1.104;50072;1883;74;50072 → 1883 [SYN] Seq=0 Win=42340 Len=0 MSS=1460 SACK_PERM=1 TSval=1796893783 TSecr=0 WS=512;
42;Jan 13, 2022 15:39:48.941527967 CET;192.168.1.104;192.168.1.102;1883;50072;58;1883 → 50072 [SYN, ACK] Seq=0 Ack=1 Win=8192 Len=0 MSS=1460;
43;Jan 13, 2022 15:39:48.941560721 CET;192.168.1.102;192.168.1.104;50072;1883;54;50072 → 1883 [ACK] Seq=1 Ack=1 Win=42340 Len=0;
44;Jan 13, 2022 15:39:48.941607249 CET;192.168.1.102;192.168.1.104;50072;1883;108;Connect Command;
45;Jan 13, 2022 15:39:49.228606942 CET;192.168.1.102;192.168.1.104;50072;1883;108;[TCP Retransmission] 50072 → 1883 [PSH, ACK] Seq=1 Ack=1 Win=42340 Len=54;
46;Jan 13, 2022 15:39:49.287572460 CET;192.168.1.104;192.168.1.102;1883;50072;54;1883 → 50072 [ACK] Seq=1 Ack=55 Win=8192 Len=0;
47;Jan 13, 2022 15:39:49.290264255 CET;192.168.1.104;192.168.1.102;1883;50072;58;Connect Ack;
48;Jan 13, 2022 15:39:49.290281327 CET;192.168.1.102;192.168.1.104;50072;1883;54;50072 → 1883 [ACK] Seq=55 Ack=5 Win=42336 Len=0;
49;Jan 13, 2022 15:39:49.290335900 CET;192.168.1.102;192.168.1.104;50072;1883;73;Publish Message [topic];message004
50;Jan 13, 2022 15:39:49.290350529 CET;192.168.1.102;192.168.1.104;50072;1883;56;Disconnect Req;
51;Jan 13, 2022 15:39:49.804687314 CET;192.168.1.102;192.168.1.104;50072;1883;75;[TCP Retransmission] 50072 → 1883 [FIN, PSH, ACK] Seq=55 Ack=5 Win=42336 Len=21;
52;Jan 13, 2022 15:39:49.862056696 CET;192.168.1.104;192.168.1.102;1883;50072;54;1883 → 50072 [FIN, ACK] Seq=5 Ack=77 Win=8192 Len=0;
53;Jan 13, 2022 15:39:49.862080744 CET;192.168.1.102;192.168.1.104;50072;1883;54;50072 → 1883 [ACK] Seq=77 Ack=6 Win=42335 Len=0;
54;Jan 13, 2022 15:39:54.295083968 CET;192.168.1.102;192.168.1.104;50074;1883;74;50074 → 1883 [SYN] Seq=0 Win=42340 Len=0 MSS=1460 SACK_PERM=1 TSval=1796899191 TSecr=0 WS=512;
55;Jan 13, 2022 15:39:54.348687902 CET;192.168.1.104;192.168.1.102;1883;50074;58;1883 → 50074 [SYN, ACK] Seq=0 Ack=1 Win=8192 Len=0 MSS=1460;
56;Jan 13, 2022 15:39:54.348718225 CET;192.168.1.102;192.168.1.104;50074;1883;54;50074 → 1883 [ACK] Seq=1 Ack=1 Win=42340 Len=0;
57;Jan 13, 2022 15:39:54.348763993 CET;192.168.1.102;192.168.1.104;50074;1883;108;Connect Command;
58;Jan 13, 2022 15:39:54.636526525 CET;192.168.1.102;192.168.1.104;50074;1883;108;[TCP Retransmission] 50074 → 1883 [PSH, ACK] Seq=1 Ack=1 Win=42340 Len=54;
59;Jan 13, 2022 15:39:54.697087216 CET;192.168.1.104;192.168.1.102;1883;50074;54;1883 → 50074 [ACK] Seq=1 Ack=55 Win=8192 Len=0;
60;Jan 13, 2022 15:39:54.704149977 CET;192.168.1.104;192.168.1.102;1883;50074;58;Connect Ack;
61;Jan 13, 2022 15:39:54.704170753 CET;192.168.1.102;192.168.1.104;50074;1883;54;50074 → 1883 [ACK] Seq=55 Ack=5 Win=42336 Len=0;
62;Jan 13, 2022 15:39:54.704234691 CET;192.168.1.102;192.168.1.104;50074;1883;73;Publish Message [topic];message005
63;Jan 13, 2022 15:39:54.704253804 CET;192.168.1.102;192.168.1.104;50074;1883;56;Disconnect Req;
64;Jan 13, 2022 15:39:55.244539840 CET;192.168.1.102;192.168.1.104;50074;1883;75;[TCP Retransmission] 50074 → 1883 [FIN, PSH, ACK] Seq=55 Ack=5 Win=42336 Len=21;
65;Jan 13, 2022 15:39:55.299597854 CET;192.168.1.104;192.168.1.102;1883;50074;54;1883 → 50074 [FIN, ACK] Seq=5 Ack=77 Win=8192 Len=0;
66;Jan 13, 2022 15:39:55.299623729 CET;192.168.1.102;192.168.1.104;50074;1883;54;50074 → 1883 [ACK] Seq=77 Ack=6 Win=42335 Len=0;
67;Jan 13, 2022 15:39:59.709526821 CET;192.168.1.102;192.168.1.104;50076;1883;74;50076 → 1883 [SYN] Seq=0 Win=42340 Len=0 MSS=1460 SACK_PERM=1 TSval=1796904605 TSecr=0 WS=512;
68;Jan 13, 2022 15:39:59.763285505 CET;192.168.1.104;192.168.1.102;1883;50076;58;1883 → 50076 [SYN, ACK] Seq=0 Ack=1 Win=8192 Len=0 MSS=1460;
69;Jan 13, 2022 15:39:59.763315715 CET;192.168.1.102;192.168.1.104;50076;1883;54;50076 → 1883 [ACK] Seq=1 Ack=1 Win=42340 Len=0;
70;Jan 13, 2022 15:39:59.763358575 CET;192.168.1.102;192.168.1.104;50076;1883;108;Connect Command;
71;Jan 13, 2022 15:40:00.044830694 CET;192.168.1.102;192.168.1.104;50076;1883;108;[TCP Retransmission] 50076 → 1883 [PSH, ACK] Seq=1 Ack=1 Win=42340 Len=54;
72;Jan 13, 2022 15:40:00.111915913 CET;192.168.1.104;192.168.1.102;1883;50076;54;1883 → 50076 [ACK] Seq=1 Ack=55 Win=8192 Len=0;
73;Jan 13, 2022 15:40:00.117091366 CET;192.168.1.104;192.168.1.102;1883;50076;58;Connect Ack;
74;Jan 13, 2022 15:40:00.117111876 CET;192.168.1.102;192.168.1.104;50076;1883;54;50076 → 1883 [ACK] Seq=55 Ack=5 Win=42336 Len=0;
75;Jan 13, 2022 15:40:00.117170375 CET;192.168.1.102;192.168.1.104;50076;1883;73;Publish Message [topic];message006
76;Jan 13, 2022 15:40:00.117186686 CET;192.168.1.102;192.168.1.104;50076;1883;56;Disconnect Req;
77;Jan 13, 2022 15:40:00.652571737 CET;192.168.1.102;192.168.1.104;50076;1883;75;[TCP Retransmission] 50076 → 1883 [FIN, PSH, ACK] Seq=55 Ack=5 Win=42336 Len=21;
78;Jan 13, 2022 15:40:00.718961280 CET;192.168.1.104;192.168.1.102;1883;50076;54;1883 → 50076 [FIN, ACK] Seq=5 Ack=77 Win=8192 Len=0;
79;Jan 13, 2022 15:40:00.718989543 CET;192.168.1.102;192.168.1.104;50076;1883;54;50076 → 1883 [ACK] Seq=77 Ack=6 Win=42335 Len=0;
80;Jan 13, 2022 15:40:05.121219468 CET;192.168.1.102;192.168.1.104;50078;1883;74;50078 → 1883 [SYN] Seq=0 Win=42340 Len=0 MSS=1460 SACK_PERM=1 TSval=1796910017 TSecr=0 WS=512;
81;Jan 13, 2022 15:40:05.175145093 CET;192.168.1.104;192.168.1.102;1883;50078;58;1883 → 50078 [SYN, ACK] Seq=0 Ack=1 Win=8192 Len=0 MSS=1460;
82;Jan 13, 2022 15:40:05.175176894 CET;192.168.1.102;192.168.1.104;50078;1883;54;50078 → 1883 [ACK] Seq=1 Ack=1 Win=42340 Len=0;
83;Jan 13, 2022 15:40:05.175220111 CET;192.168.1.102;192.168.1.104;50078;1883;108;Connect Command;
84;Jan 13, 2022 15:40:05.452532862 CET;192.168.1.102;192.168.1.104;50078;1883;108;[TCP Retransmission] 50078 → 1883 [PSH, ACK] Seq=1 Ack=1 Win=42340 Len=54;
85;Jan 13, 2022 15:40:05.507333218 CET;192.168.1.104;192.168.1.102;1883;50078;54;1883 → 50078 [ACK] Seq=1 Ack=55 Win=8192 Len=0;
86;Jan 13, 2022 15:40:05.511747668 CET;192.168.1.104;192.168.1.102;1883;50078;58;Connect Ack;
87;Jan 13, 2022 15:40:05.511765962 CET;192.168.1.102;192.168.1.104;50078;1883;54;50078 → 1883 [ACK] Seq=55 Ack=5 Win=42336 Len=0;
88;Jan 13, 2022 15:40:05.511808066 CET;192.168.1.102;192.168.1.104;50078;1883;73;Publish Message [topic];message007
89;Jan 13, 2022 15:40:05.511823380 CET;192.168.1.102;192.168.1.104;50078;1883;56;Disconnect Req;
90;Jan 13, 2022 15:40:06.028570169 CET;192.168.1.102;192.168.1.104;50078;1883;75;[TCP Retransmission] 50078 → 1883 [FIN, PSH, ACK] Seq=55 Ack=5 Win=42336 Len=21;
91;Jan 13, 2022 15:40:06.083014473 CET;192.168.1.104;192.168.1.102;1883;50078;54;1883 → 50078 [FIN, ACK] Seq=5 Ack=77 Win=8192 Len=0;
92;Jan 13, 2022 15:40:06.083042422 CET;192.168.1.102;192.168.1.104;50078;1883;54;50078 → 1883 [ACK] Seq=77 Ack=6 Win=42335 Len=0;
93;Jan 13, 2022 15:40:10.516447355 CET;192.168.1.102;192.168.1.104;50080;1883;74;50080 → 1883 [SYN] Seq=0 Win=42340 Len=0 MSS=1460 SACK_PERM=1 TSval=1796915412 TSecr=0 WS=512;
94;Jan 13, 2022 15:40:10.569471280 CET;192.168.1.104;192.168.1.102;1883;50080;58;1883 → 50080 [SYN, ACK] Seq=0 Ack=1 Win=8192 Len=0 MSS=1460;
95;Jan 13, 2022 15:40:10.569492093 CET;192.168.1.102;192.168.1.104;50080;1883;54;50080 → 1883 [ACK] Seq=1 Ack=1 Win=42340 Len=0;
96;Jan 13, 2022 15:40:10.569527833 CET;192.168.1.102;192.168.1.104;50080;1883;108;Connect Command;
97;Jan 13, 2022 15:40:10.828589202 CET;192.168.1.102;192.168.1.104;50080;1883;108;[TCP Retransmission] 50080 → 1883 [PSH, ACK] Seq=1 Ack=1 Win=42340 Len=54;
98;Jan 13, 2022 15:40:10.896327908 CET;192.168.1.104;192.168.1.102;1883;50080;54;1883 → 50080 [ACK] Seq=1 Ack=55 Win=8192 Len=0;
99;Jan 13, 2022 15:40:10.901421475 CET;192.168.1.104;192.168.1.102;1883;50080;58;Connect Ack;
100;Jan 13, 2022 15:40:10.901439625 CET;192.168.1.102;192.168.1.104;50080;1883;54;50080 → 1883 [ACK] Seq=55 Ack=5 Win=42336 Len=0;
101;Jan 13, 2022 15:40:10.901498478 CET;192.168.1.102;192.168.1.104;50080;1883;73;Publish Message [topic];message008
102;Jan 13, 2022 15:40:10.901512770 CET;192.168.1.102;192.168.1.104;50080;1883;56;Disconnect Req;
103;Jan 13, 2022 15:40:11.436532425 CET;192.168.1.102;192.168.1.104;50080;1883;75;[TCP Retransmission] 50080 → 1883 [FIN, PSH, ACK] Seq=55 Ack=5 Win=42336 Len=21;
104;Jan 13, 2022 15:40:11.492438750 CET;192.168.1.104;192.168.1.102;1883;50080;54;1883 → 50080 [FIN, ACK] Seq=5 Ack=77 Win=8192 Len=0;
105;Jan 13, 2022 15:40:11.492463423 CET;192.168.1.102;192.168.1.104;50080;1883;54;50080 → 1883 [ACK] Seq=77 Ack=6 Win=42335 Len=0;
106;Jan 13, 2022 15:40:15.906736909 CET;192.168.1.102;192.168.1.104;50082;1883;74;50082 → 1883 [SYN] Seq=0 Win=42340 Len=0 MSS=1460 SACK_PERM=1 TSval=1796920802 TSecr=0 WS=512;
107;Jan 13, 2022 15:40:15.961271646 CET;192.168.1.104;192.168.1.102;1883;50082;58;1883 → 50082 [SYN, ACK] Seq=0 Ack=1 Win=8192 Len=0 MSS=1460;
108;Jan 13, 2022 15:40:15.961306267 CET;192.168.1.102;192.168.1.104;50082;1883;54;50082 → 1883 [ACK] Seq=1 Ack=1 Win=42340 Len=0;
109;Jan 13, 2022 15:40:15.961355339 CET;192.168.1.102;192.168.1.104;50082;1883;108;Connect Command;
110;Jan 13, 2022 15:40:16.236518295 CET;192.168.1.102;192.168.1.104;50082;1883;108;[TCP Retransmission] 50082 → 1883 [PSH, ACK] Seq=1 Ack=1 Win=42340 Len=54;
111;Jan 13, 2022 15:40:16.290489237 CET;192.168.1.104;192.168.1.102;1883;50082;54;1883 → 50082 [ACK] Seq=1 Ack=55 Win=8192 Len=0;
112;Jan 13, 2022 15:40:16.331046316 CET;192.168.1.104;192.168.1.102;1883;50082;58;Connect Ack;
113;Jan 13, 2022 15:40:16.331064609 CET;192.168.1.102;192.168.1.104;50082;1883;54;50082 → 1883 [ACK] Seq=55 Ack=5 Win=42336 Len=0;
114;Jan 13, 2022 15:40:16.331121555 CET;192.168.1.102;192.168.1.104;50082;1883;73;Publish Message [topic];message009
115;Jan 13, 2022 15:40:16.331136935 CET;192.168.1.102;192.168.1.104;50082;1883;56;Disconnect Req;
116;Jan 13, 2022 15:40:16.844528163 CET;192.168.1.102;192.168.1.104;50082;1883;75;[TCP Retransmission] 50082 → 1883 [FIN, PSH, ACK] Seq=55 Ack=5 Win=42336 Len=21;
117;Jan 13, 2022 15:40:16.910076856 CET;192.168.1.104;192.168.1.102;1883;50082;54;1883 → 50082 [FIN, ACK] Seq=5 Ack=77 Win=8192 Len=0;
118;Jan 13, 2022 15:40:16.910114629 CET;192.168.1.102;192.168.1.104;50082;1883;54;50082 → 1883 [ACK] Seq=77 Ack=6 Win=42335 Len=0;
119;Jan 13, 2022 15:40:21.336485239 CET;192.168.1.102;192.168.1.104;50084;1883;74;50084 → 1883 [SYN] Seq=0 Win=42340 Len=0 MSS=1460 SACK_PERM=1 TSval=1796926232 TSecr=0 WS=512;
120;Jan 13, 2022 15:40:21.392331368 CET;192.168.1.104;192.168.1.102;1883;50084;58;1883 → 50084 [SYN, ACK] Seq=0 Ack=1 Win=8192 Len=0 MSS=1460;
121;Jan 13, 2022 15:40:21.392359787 CET;192.168.1.102;192.168.1.104;50084;1883;54;50084 → 1883 [ACK] Seq=1 Ack=1 Win=42340 Len=0;
122;Jan 13, 2022 15:40:21.392408188 CET;192.168.1.102;192.168.1.104;50084;1883;108;Connect Command;
123;Jan 13, 2022 15:40:21.676592363 CET;192.168.1.102;192.168.1.104;50084;1883;108;[TCP Retransmission] 50084 → 1883 [PSH, ACK] Seq=1 Ack=1 Win=42340 Len=54;
124;Jan 13, 2022 15:40:21.745243381 CET;192.168.1.104;192.168.1.102;1883;50084;54;1883 → 50084 [ACK] Seq=1 Ack=55 Win=8192 Len=0;
125;Jan 13, 2022 15:40:21.753948733 CET;192.168.1.104;192.168.1.102;1883;50084;58;Connect Ack;
126;Jan 13, 2022 15:40:21.753968927 CET;192.168.1.102;192.168.1.104;50084;1883;54;50084 → 1883 [ACK] Seq=55 Ack=5 Win=42336 Len=0;
127;Jan 13, 2022 15:40:21.754036915 CET;192.168.1.102;192.168.1.104;50084;1883;73;Publish Message [topic];message010
128;Jan 13, 2022 15:40:21.754054402 CET;192.168.1.102;192.168.1.104;50084;1883;56;Disconnect Req;
129;Jan 13, 2022 15:40:22.284555250 CET;192.168.1.102;192.168.1.104;50084;1883;75;[TCP Retransmission] 50084 → 1883 [FIN, PSH, ACK] Seq=55 Ack=5 Win=42336 Len=21;
130;Jan 13, 2022 15:40:22.351825134 CET;192.168.1.104;192.168.1.102;1883;50084;54;1883 → 50084 [FIN, ACK] Seq=5 Ack=77 Win=8192 Len=0;
131;Jan 13, 2022 15:40:22.351851193 CET;192.168.1.102;192.168.1.104;50084;1883;54;50084 → 1883 [ACK] Seq=77 Ack=6 Win=42335 Len=0;
132;Jan 13, 2022 15:40:26.758125324 CET;192.168.1.102;192.168.1.104;50086;1883;74;50086 → 1883 [SYN] Seq=0 Win=42340 Len=0 MSS=1460 SACK_PERM=1 TSval=1796931654 TSecr=0 WS=512;
133;Jan 13, 2022 15:40:26.811578711 CET;192.168.1.104;192.168.1.102;1883;50086;58;1883 → 50086 [SYN, ACK] Seq=0 Ack=1 Win=8192 Len=0 MSS=1460;
134;Jan 13, 2022 15:40:26.811608827 CET;192.168.1.102;192.168.1.104;50086;1883;54;50086 → 1883 [ACK] Seq=1 Ack=1 Win=42340 Len=0;
135;Jan 13, 2022 15:40:26.811651537 CET;192.168.1.102;192.168.1.104;50086;1883;108;Connect Command;
136;Jan 13, 2022 15:40:27.084863493 CET;192.168.1.102;192.168.1.104;50086;1883;108;[TCP Retransmission] 50086 → 1883 [PSH, ACK] Seq=1 Ack=1 Win=42340 Len=54;
137;Jan 13, 2022 15:40:27.153479269 CET;192.168.1.104;192.168.1.102;1883;50086;54;1883 → 50086 [ACK] Seq=1 Ack=55 Win=8192 Len=0;
138;Jan 13, 2022 15:40:27.159500881 CET;192.168.1.104;192.168.1.102;1883;50086;58;Connect Ack;
139;Jan 13, 2022 15:40:27.159519160 CET;192.168.1.102;192.168.1.104;50086;1883;54;50086 → 1883 [ACK] Seq=55 Ack=5 Win=42336 Len=0;
140;Jan 13, 2022 15:40:27.159576988 CET;192.168.1.102;192.168.1.104;50086;1883;73;Publish Message [topic];message011
141;Jan 13, 2022 15:40:27.159592433 CET;192.168.1.102;192.168.1.104;50086;1883;56;Disconnect Req;
142;Jan 13, 2022 15:40:27.692536586 CET;192.168.1.102;192.168.1.104;50086;1883;75;[TCP Retransmission] 50086 → 1883 [FIN, PSH, ACK] Seq=55 Ack=5 Win=42336 Len=21;
143;Jan 13, 2022 15:40:27.759942988 CET;192.168.1.104;192.168.1.102;1883;50086;54;1883 → 50086 [FIN, ACK] Seq=5 Ack=77 Win=8192 Len=0;
144;Jan 13, 2022 15:40:27.759992112 CET;192.168.1.102;192.168.1.104;50086;1883;54;50086 → 1883 [ACK] Seq=77 Ack=6 Win=42335 Len=0;
145;Jan 13, 2022 15:40:32.164655110 CET;192.168.1.102;192.168.1.104;50088;1883;74;50088 → 1883 [SYN] Seq=0 Win=42340 Len=0 MSS=1460 SACK_PERM=1 TSval=1796937060 TSecr=0 WS=512;
146;Jan 13, 2022 15:40:32.221258889 CET;192.168.1.104;192.168.1.102;1883;50088;58;1883 → 50088 [SYN, ACK] Seq=0 Ack=1 Win=8192 Len=0 MSS=1460;
147;Jan 13, 2022 15:40:32.221292354 CET;192.168.1.102;192.168.1.104;50088;1883;54;50088 → 1883 [ACK] Seq=1 Ack=1 Win=42340 Len=0;
148;Jan 13, 2022 15:40:32.221352609 CET;192.168.1.102;192.168.1.104;50088;1883;108;Connect Command;
149;Jan 13, 2022 15:40:32.492617583 CET;192.168.1.102;192.168.1.104;50088;1883;108;[TCP Retransmission] 50088 → 1883 [PSH, ACK] Seq=1 Ack=1 Win=42340 Len=54;
150;Jan 13, 2022 15:40:32.553266148 CET;192.168.1.104;192.168.1.102;1883;50088;54;1883 → 50088 [ACK] Seq=1 Ack=55 Win=8192 Len=0;
151;Jan 13, 2022 15:40:32.557092391 CET;192.168.1.104;192.168.1.102;1883;50088;58;Connect Ack;
152;Jan 13, 2022 15:40:32.557116506 CET;192.168.1.102;192.168.1.104;50088;1883;54;50088 → 1883 [ACK] Seq=55 Ack=5 Win=42336 Len=0;
153;Jan 13, 2022 15:40:32.557186935 CET;192.168.1.102;192.168.1.104;50088;1883;73;Publish Message [topic];message012
154;Jan 13, 2022 15:40:32.557202988 CET;192.168.1.102;192.168.1.104;50088;1883;56;Disconnect Req;
155;Jan 13, 2022 15:40:33.100558987 CET;192.168.1.102;192.168.1.104;50088;1883;75;[TCP Retransmission] 50088 → 1883 [FIN, PSH, ACK] Seq=55 Ack=5 Win=42336 Len=21;
156;Jan 13, 2022 15:40:33.167574599 CET;192.168.1.104;192.168.1.102;1883;50088;54;1883 → 50088 [FIN, ACK] Seq=5 Ack=77 Win=8192 Len=0;
157;Jan 13, 2022 15:40:33.167597095 CET;192.168.1.102;192.168.1.104;50088;1883;54;50088 → 1883 [ACK] Seq=77 Ack=6 Win=42335 Len=0;
158;Jan 13, 2022 15:40:37.561825970 CET;192.168.1.102;192.168.1.104;50090;1883;74;50090 → 1883 [SYN] Seq=0 Win=42340 Len=0 MSS=1460 SACK_PERM=1 TSval=1796942457 TSecr=0 WS=512;
159;Jan 13, 2022 15:40:37.615074216 CET;192.168.1.104;192.168.1.102;1883;50090;58;1883 → 50090 [SYN, ACK] Seq=0 Ack=1 Win=8192 Len=0 MSS=1460;
160;Jan 13, 2022 15:40:37.615105714 CET;192.168.1.102;192.168.1.104;50090;1883;54;50090 → 1883 [ACK] Seq=1 Ack=1 Win=42340 Len=0;
161;Jan 13, 2022 15:40:37.615150555 CET;192.168.1.102;192.168.1.104;50090;1883;108;Connect Command;
162;Jan 13, 2022 15:40:37.900520079 CET;192.168.1.102;192.168.1.104;50090;1883;108;[TCP Retransmission] 50090 → 1883 [PSH, ACK] Seq=1 Ack=1 Win=42340 Len=54;
163;Jan 13, 2022 15:40:37.967509691 CET;192.168.1.104;192.168.1.102;1883;50090;54;1883 → 50090 [ACK] Seq=1 Ack=55 Win=8192 Len=0;
164;Jan 13, 2022 15:40:37.972763890 CET;192.168.1.104;192.168.1.102;1883;50090;58;Connect Ack;
165;Jan 13, 2022 15:40:37.972782844 CET;192.168.1.102;192.168.1.104;50090;1883;54;50090 → 1883 [ACK] Seq=55 Ack=5 Win=42336 Len=0;
166;Jan 13, 2022 15:40:37.972842539 CET;192.168.1.102;192.168.1.104;50090;1883;73;Publish Message [topic];message013
167;Jan 13, 2022 15:40:37.972858693 CET;192.168.1.102;192.168.1.104;50090;1883;56;Disconnect Req;
168;Jan 13, 2022 15:40:38.508589805 CET;192.168.1.102;192.168.1.104;50090;1883;75;[TCP Retransmission] 50090 → 1883 [FIN, PSH, ACK] Seq=55 Ack=5 Win=42336 Len=21;
169;Jan 13, 2022 15:40:38.578930204 CET;192.168.1.104;192.168.1.102;1883;50090;54;1883 → 50090 [FIN, ACK] Seq=5 Ack=77 Win=8192 Len=0;
170;Jan 13, 2022 15:40:38.578960908 CET;192.168.1.102;192.168.1.104;50090;1883;54;50090 → 1883 [ACK] Seq=77 Ack=6 Win=42335 Len=0;
171;Jan 13, 2022 15:40:42.976947024 CET;192.168.1.102;192.168.1.104;50092;1883;74;50092 → 1883 [SYN] Seq=0 Win=42340 Len=0 MSS=1460 SACK_PERM=1 TSval=1796947873 TSecr=0 WS=512;
172;Jan 13, 2022 15:40:43.030599919 CET;192.168.1.104;192.168.1.102;1883;50092;58;1883 → 50092 [SYN, ACK] Seq=0 Ack=1 Win=8192 Len=0 MSS=1460;
173;Jan 13, 2022 15:40:43.030631658 CET;192.168.1.102;192.168.1.104;50092;1883;54;50092 → 1883 [ACK] Seq=1 Ack=1 Win=42340 Len=0;
174;Jan 13, 2022 15:40:43.030673504 CET;192.168.1.102;192.168.1.104;50092;1883;108;Connect Command;
175;Jan 13, 2022 15:40:43.308665356 CET;192.168.1.102;192.168.1.104;50092;1883;108;[TCP Retransmission] 50092 → 1883 [PSH, ACK] Seq=1 Ack=1 Win=42340 Len=54;
176;Jan 13, 2022 15:40:43.369074938 CET;192.168.1.104;192.168.1.102;1883;50092;54;1883 → 50092 [ACK] Seq=1 Ack=55 Win=8192 Len=0;
177;Jan 13, 2022 15:40:43.372618183 CET;192.168.1.104;192.168.1.102;1883;50092;58;Connect Ack;
178;Jan 13, 2022 15:40:43.372638240 CET;192.168.1.102;192.168.1.104;50092;1883;54;50092 → 1883 [ACK] Seq=55 Ack=5 Win=42336 Len=0;
179;Jan 13, 2022 15:40:43.372697161 CET;192.168.1.102;192.168.1.104;50092;1883;73;Publish Message [topic];message014
180;Jan 13, 2022 15:40:43.372713910 CET;192.168.1.102;192.168.1.104;50092;1883;56;Disconnect Req;
181;Jan 13, 2022 15:40:43.916775065 CET;192.168.1.102;192.168.1.104;50092;1883;75;[TCP Retransmission] 50092 → 1883 [FIN, PSH, ACK] Seq=55 Ack=5 Win=42336 Len=21;
182;Jan 13, 2022 15:40:43.986407827 CET;192.168.1.104;192.168.1.102;1883;50092;54;1883 → 50092 [FIN, ACK] Seq=5 Ack=77 Win=8192 Len=0;
183;Jan 13, 2022 15:40:43.986432358 CET;192.168.1.102;192.168.1.104;50092;1883;54;50092 → 1883 [ACK] Seq=77 Ack=6 Win=42335 Len=0;
184;Jan 13, 2022 15:40:48.376348520 CET;192.168.1.102;192.168.1.104;50094;1883;74;50094 → 1883 [SYN] Seq=0 Win=42340 Len=0 MSS=1460 SACK_PERM=1 TSval=1796953272 TSecr=0 WS=512;
185;Jan 13, 2022 15:40:48.429438164 CET;192.168.1.104;192.168.1.102;1883;50094;58;1883 → 50094 [SYN, ACK] Seq=0 Ack=1 Win=8192 Len=0 MSS=1460;
186;Jan 13, 2022 15:40:48.429466841 CET;192.168.1.102;192.168.1.104;50094;1883;54;50094 → 1883 [ACK] Seq=1 Ack=1 Win=42340 Len=0;
187;Jan 13, 2022 15:40:48.429509603 CET;192.168.1.102;192.168.1.104;50094;1883;108;Connect Command;
188;Jan 13, 2022 15:40:48.716703529 CET;192.168.1.102;192.168.1.104;50094;1883;108;[TCP Retransmission] 50094 → 1883 [PSH, ACK] Seq=1 Ack=1 Win=42340 Len=54;
189;Jan 13, 2022 15:40:48.776884808 CET;192.168.1.104;192.168.1.102;1883;50094;54;1883 → 50094 [ACK] Seq=1 Ack=55 Win=8192 Len=0;
190;Jan 13, 2022 15:40:48.779128004 CET;192.168.1.104;192.168.1.102;1883;50094;58;Connect Ack;
191;Jan 13, 2022 15:40:48.779146888 CET;192.168.1.102;192.168.1.104;50094;1883;54;50094 → 1883 [ACK] Seq=55 Ack=5 Win=42336 Len=0;
192;Jan 13, 2022 15:40:48.779200346 CET;192.168.1.102;192.168.1.104;50094;1883;73;Publish Message [topic];message015
193;Jan 13, 2022 15:40:48.779215266 CET;192.168.1.102;192.168.1.104;50094;1883;56;Disconnect Req;
194;Jan 13, 2022 15:40:49.293077279 CET;192.168.1.102;192.168.1.104;50094;1883;75;[TCP Retransmission] 50094 → 1883 [FIN, PSH, ACK] Seq=55 Ack=5 Win=42336 Len=21;
195;Jan 13, 2022 15:40:49.348582274 CET;192.168.1.104;192.168.1.102;1883;50094;54;1883 → 50094 [FIN, ACK] Seq=5 Ack=77 Win=8192 Len=0;
196;Jan 13, 2022 15:40:49.348603093 CET;192.168.1.102;192.168.1.104;50094;1883;54;50094 → 1883 [ACK] Seq=77 Ack=6 Win=42335 Len=0;
197;Jan 13, 2022 15:40:53.783509758 CET;192.168.1.102;192.168.1.104;50096;1883;74;50096 → 1883 [SYN] Seq=0 Win=42340 Len=0 MSS=1460 SACK_PERM=1 TSval=1796958679 TSecr=0 WS=512;
198;Jan 13, 2022 15:40:53.837502745 CET;192.168.1.104;192.168.1.102;1883;50096;58;1883 → 50096 [SYN, ACK] Seq=0 Ack=1 Win=8192 Len=0 MSS=1460;
199;Jan 13, 2022 15:40:53.837538980 CET;192.168.1.102;192.168.1.104;50096;1883;54;50096 → 1883 [ACK] Seq=1 Ack=1 Win=42340 Len=0;
200;Jan 13, 2022 15:40:53.837589596 CET;192.168.1.102;192.168.1.104;50096;1883;108;Connect Command;
201;Jan 13, 2022 15:40:54.124803834 CET;192.168.1.102;192.168.1.104;50096;1883;108;[TCP Retransmission] 50096 → 1883 [PSH, ACK] Seq=1 Ack=1 Win=42340 Len=54;
202;Jan 13, 2022 15:40:54.194655010 CET;192.168.1.104;192.168.1.102;1883;50096;54;1883 → 50096 [ACK] Seq=1 Ack=55 Win=8192 Len=0;
203;Jan 13, 2022 15:40:54.199992195 CET;192.168.1.104;192.168.1.102;1883;50096;58;Connect Ack;
204;Jan 13, 2022 15:40:54.200011445 CET;192.168.1.102;192.168.1.104;50096;1883;54;50096 → 1883 [ACK] Seq=55 Ack=5 Win=42336 Len=0;
205;Jan 13, 2022 15:40:54.200068368 CET;192.168.1.102;192.168.1.104;50096;1883;73;Publish Message [topic];message016
206;Jan 13, 2022 15:40:54.200083466 CET;192.168.1.102;192.168.1.104;50096;1883;56;Disconnect Req;
207;Jan 13, 2022 15:40:54.732529316 CET;192.168.1.102;192.168.1.104;50096;1883;75;[TCP Retransmission] 50096 → 1883 [FIN, PSH, ACK] Seq=55 Ack=5 Win=42336 Len=21;
208;Jan 13, 2022 15:40:54.803948616 CET;192.168.1.104;192.168.1.102;1883;50096;54;1883 → 50096 [FIN, ACK] Seq=5 Ack=77 Win=8192 Len=0;
209;Jan 13, 2022 15:40:54.803977845 CET;192.168.1.102;192.168.1.104;50096;1883;54;50096 → 1883 [ACK] Seq=77 Ack=6 Win=42335 Len=0;
210;Jan 13, 2022 15:40:59.204182296 CET;192.168.1.102;192.168.1.104;50098;1883;74;50098 → 1883 [SYN] Seq=0 Win=42340 Len=0 MSS=1460 SACK_PERM=1 TSval=1796964100 TSecr=0 WS=512;
211;Jan 13, 2022 15:40:59.257215999 CET;192.168.1.104;192.168.1.102;1883;50098;58;1883 → 50098 [SYN, ACK] Seq=0 Ack=1 Win=8192 Len=0 MSS=1460;
212;Jan 13, 2022 15:40:59.257243482 CET;192.168.1.102;192.168.1.104;50098;1883;54;50098 → 1883 [ACK] Seq=1 Ack=1 Win=42340 Len=0;
213;Jan 13, 2022 15:40:59.257282715 CET;192.168.1.102;192.168.1.104;50098;1883;108;Connect Command;
214;Jan 13, 2022 15:40:59.532705815 CET;192.168.1.102;192.168.1.104;50098;1883;108;[TCP Retransmission] 50098 → 1883 [PSH, ACK] Seq=1 Ack=1 Win=42340 Len=54;
215;Jan 13, 2022 15:40:59.588716994 CET;192.168.1.104;192.168.1.102;1883;50098;54;1883 → 50098 [ACK] Seq=1 Ack=55 Win=8192 Len=0;
216;Jan 13, 2022 15:40:59.591794114 CET;192.168.1.104;192.168.1.102;1883;50098;58;Connect Ack;
217;Jan 13, 2022 15:40:59.591813141 CET;192.168.1.102;192.168.1.104;50098;1883;54;50098 → 1883 [ACK] Seq=55 Ack=5 Win=42336 Len=0;
218;Jan 13, 2022 15:40:59.591870954 CET;192.168.1.102;192.168.1.104;50098;1883;73;Publish Message [topic];message017
219;Jan 13, 2022 15:40:59.591888103 CET;192.168.1.102;192.168.1.104;50098;1883;56;Disconnect Req;
220;Jan 13, 2022 15:41:00.108736339 CET;192.168.1.102;192.168.1.104;50098;1883;75;[TCP Retransmission] 50098 → 1883 [FIN, PSH, ACK] Seq=55 Ack=5 Win=42336 Len=21;
221;Jan 13, 2022 15:41:00.164671920 CET;192.168.1.104;192.168.1.102;1883;50098;54;1883 → 50098 [FIN, ACK] Seq=5 Ack=77 Win=8192 Len=0;
222;Jan 13, 2022 15:41:00.164695727 CET;192.168.1.102;192.168.1.104;50098;1883;54;50098 → 1883 [ACK] Seq=77 Ack=6 Win=42335 Len=0;
223;Jan 13, 2022 15:41:04.596295110 CET;192.168.1.102;192.168.1.104;50100;1883;74;50100 → 1883 [SYN] Seq=0 Win=42340 Len=0 MSS=1460 SACK_PERM=1 TSval=1796969492 TSecr=0 WS=512;
224;Jan 13, 2022 15:41:04.650123823 CET;192.168.1.104;192.168.1.102;1883;50100;58;1883 → 50100 [SYN, ACK] Seq=0 Ack=1 Win=8192 Len=0 MSS=1460;
225;Jan 13, 2022 15:41:04.650175076 CET;192.168.1.102;192.168.1.104;50100;1883;54;50100 → 1883 [ACK] Seq=1 Ack=1 Win=42340 Len=0;
226;Jan 13, 2022 15:41:04.650225451 CET;192.168.1.102;192.168.1.104;50100;1883;108;Connect Command;
227;Jan 13, 2022 15:41:04.908562241 CET;192.168.1.102;192.168.1.104;50100;1883;108;[TCP Retransmission] 50100 → 1883 [PSH, ACK] Seq=1 Ack=1 Win=42340 Len=54;
228;Jan 13, 2022 15:41:04.970998828 CET;192.168.1.104;192.168.1.102;1883;50100;54;1883 → 50100 [ACK] Seq=1 Ack=55 Win=8192 Len=0;
229;Jan 13, 2022 15:41:04.972062965 CET;192.168.1.104;192.168.1.102;1883;50100;58;Connect Ack;
230;Jan 13, 2022 15:41:04.972074413 CET;192.168.1.102;192.168.1.104;50100;1883;54;50100 → 1883 [ACK] Seq=55 Ack=5 Win=42336 Len=0;
231;Jan 13, 2022 15:41:04.972125981 CET;192.168.1.102;192.168.1.104;50100;1883;73;Publish Message [topic];message018
232;Jan 13, 2022 15:41:04.972140851 CET;192.168.1.102;192.168.1.104;50100;1883;56;Disconnect Req;
233;Jan 13, 2022 15:41:05.484533053 CET;192.168.1.102;192.168.1.104;50100;1883;75;[TCP Retransmission] 50100 → 1883 [FIN, PSH, ACK] Seq=55 Ack=5 Win=42336 Len=21;
234;Jan 13, 2022 15:41:05.539388265 CET;192.168.1.104;192.168.1.102;1883;50100;54;1883 → 50100 [FIN, ACK] Seq=5 Ack=77 Win=8192 Len=0;
235;Jan 13, 2022 15:41:05.539411570 CET;192.168.1.102;192.168.1.104;50100;1883;54;50100 → 1883 [ACK] Seq=77 Ack=6 Win=42335 Len=0;
236;Jan 13, 2022 15:41:09.976425265 CET;192.168.1.102;192.168.1.104;50102;1883;74;50102 → 1883 [SYN] Seq=0 Win=42340 Len=0 MSS=1460 SACK_PERM=1 TSval=1796974872 TSecr=0 WS=512;
237;Jan 13, 2022 15:41:10.033020980 CET;192.168.1.104;192.168.1.102;1883;50102;58;1883 → 50102 [SYN, ACK] Seq=0 Ack=1 Win=8192 Len=0 MSS=1460;
238;Jan 13, 2022 15:41:10.033048326 CET;192.168.1.102;192.168.1.104;50102;1883;54;50102 → 1883 [ACK] Seq=1 Ack=1 Win=42340 Len=0;
239;Jan 13, 2022 15:41:10.033093006 CET;192.168.1.102;192.168.1.104;50102;1883;108;Connect Command;
240;Jan 13, 2022 15:41:10.316590369 CET;192.168.1.102;192.168.1.104;50102;1883;108;[TCP Retransmission] 50102 → 1883 [PSH, ACK] Seq=1 Ack=1 Win=42340 Len=54;
241;Jan 13, 2022 15:41:10.386587896 CET;192.168.1.104;192.168.1.102;1883;50102;54;1883 → 50102 [ACK] Seq=1 Ack=55 Win=8192 Len=0;
242;Jan 13, 2022 15:41:10.394643391 CET;192.168.1.104;192.168.1.102;1883;50102;58;Connect Ack;
243;Jan 13, 2022 15:41:10.394662397 CET;192.168.1.102;192.168.1.104;50102;1883;54;50102 → 1883 [ACK] Seq=55 Ack=5 Win=42336 Len=0;
244;Jan 13, 2022 15:41:10.394720951 CET;192.168.1.102;192.168.1.104;50102;1883;73;Publish Message [topic];message019
245;Jan 13, 2022 15:41:10.394736458 CET;192.168.1.102;192.168.1.104;50102;1883;56;Disconnect Req;
246;Jan 13, 2022 15:41:10.924702955 CET;192.168.1.102;192.168.1.104;50102;1883;75;[TCP Retransmission] 50102 → 1883 [FIN, PSH, ACK] Seq=55 Ack=5 Win=42336 Len=21;
247;Jan 13, 2022 15:41:10.985745886 CET;192.168.1.104;192.168.1.102;1883;50102;54;1883 → 50102 [FIN, ACK] Seq=5 Ack=77 Win=8192 Len=0;
248;Jan 13, 2022 15:41:10.985769698 CET;192.168.1.102;192.168.1.104;50102;1883;54;50102 → 1883 [ACK] Seq=77 Ack=6 Win=42335 Len=0;
249;Jan 13, 2022 15:41:15.398730569 CET;192.168.1.102;192.168.1.104;50104;1883;74;50104 → 1883 [SYN] Seq=0 Win=42340 Len=0 MSS=1460 SACK_PERM=1 TSval=1796980294 TSecr=0 WS=512;
250;Jan 13, 2022 15:41:15.451601059 CET;192.168.1.104;192.168.1.102;1883;50104;58;1883 → 50104 [SYN, ACK] Seq=0 Ack=1 Win=8192 Len=0 MSS=1460;
251;Jan 13, 2022 15:41:15.451645666 CET;192.168.1.102;192.168.1.104;50104;1883;54;50104 → 1883 [ACK] Seq=1 Ack=1 Win=42340 Len=0;
252;Jan 13, 2022 15:41:15.451691319 CET;192.168.1.102;192.168.1.104;50104;1883;108;Connect Command;
253;Jan 13, 2022 15:41:15.724571896 CET;192.168.1.102;192.168.1.104;50104;1883;108;[TCP Retransmission] 50104 → 1883 [PSH, ACK] Seq=1 Ack=1 Win=42340 Len=54;
254;Jan 13, 2022 15:41:15.784831701 CET;192.168.1.104;192.168.1.102;1883;50104;54;1883 → 50104 [ACK] Seq=1 Ack=55 Win=8192 Len=0;
255;Jan 13, 2022 15:41:15.787656473 CET;192.168.1.104;192.168.1.102;1883;50104;58;Connect Ack;
256;Jan 13, 2022 15:41:15.787677047 CET;192.168.1.102;192.168.1.104;50104;1883;54;50104 → 1883 [ACK] Seq=55 Ack=5 Win=42336 Len=0;
257;Jan 13, 2022 15:41:15.787735694 CET;192.168.1.102;192.168.1.104;50104;1883;73;Publish Message [topic];message020
258;Jan 13, 2022 15:41:15.787752238 CET;192.168.1.102;192.168.1.104;50104;1883;56;Disconnect Req;
259;Jan 13, 2022 15:41:16.300524630 CET;192.168.1.102;192.168.1.104;50104;1883;75;[TCP Retransmission] 50104 → 1883 [FIN, PSH, ACK] Seq=55 Ack=5 Win=42336 Len=21;
260;Jan 13, 2022 15:41:16.354467658 CET;192.168.1.104;192.168.1.102;1883;50104;54;1883 → 50104 [FIN, ACK] Seq=5 Ack=77 Win=8192 Len=0;
261;Jan 13, 2022 15:41:16.354499140 CET;192.168.1.102;192.168.1.104;50104;1883;54;50104 → 1883 [ACK] Seq=77 Ack=6 Win=42335 Len=0;
262;Jan 13, 2022 15:41:20.794354661 CET;192.168.1.102;192.168.1.104;50106;1883;74;50106 → 1883 [SYN] Seq=0 Win=42340 Len=0 MSS=1460 SACK_PERM=1 TSval=1796985690 TSecr=0 WS=512;
263;Jan 13, 2022 15:41:20.847791773 CET;192.168.1.104;192.168.1.102;1883;50106;58;1883 → 50106 [SYN, ACK] Seq=0 Ack=1 Win=8192 Len=0 MSS=1460;
264;Jan 13, 2022 15:41:20.847827300 CET;192.168.1.102;192.168.1.104;50106;1883;54;50106 → 1883 [ACK] Seq=1 Ack=1 Win=42340 Len=0;
265;Jan 13, 2022 15:41:20.847875158 CET;192.168.1.102;192.168.1.104;50106;1883;108;Connect Command;
266;Jan 13, 2022 15:41:21.132594374 CET;192.168.1.102;192.168.1.104;50106;1883;108;[TCP Retransmission] 50106 → 1883 [PSH, ACK] Seq=1 Ack=1 Win=42340 Len=54;
267;Jan 13, 2022 15:41:21.194414665 CET;192.168.1.104;192.168.1.102;1883;50106;54;1883 → 50106 [ACK] Seq=1 Ack=55 Win=8192 Len=0;
268;Jan 13, 2022 15:41:21.197417624 CET;192.168.1.104;192.168.1.102;1883;50106;58;Connect Ack;
269;Jan 13, 2022 15:41:21.197463192 CET;192.168.1.102;192.168.1.104;50106;1883;54;50106 → 1883 [ACK] Seq=55 Ack=5 Win=42336 Len=0;
270;Jan 13, 2022 15:41:21.197631283 CET;192.168.1.102;192.168.1.104;50106;1883;73;Publish Message [topic];message021
271;Jan 13, 2022 15:41:21.197681224 CET;192.168.1.102;192.168.1.104;50106;1883;56;Disconnect Req;
272;Jan 13, 2022 15:41:21.740536149 CET;192.168.1.102;192.168.1.104;50106;1883;75;[TCP Retransmission] 50106 → 1883 [FIN, PSH, ACK] Seq=55 Ack=5 Win=42336 Len=21;
273;Jan 13, 2022 15:41:21.803260932 CET;192.168.1.104;192.168.1.102;1883;50106;54;1883 → 50106 [FIN, ACK] Seq=5 Ack=77 Win=8192 Len=0;
274;Jan 13, 2022 15:41:21.803283613 CET;192.168.1.102;192.168.1.104;50106;1883;54;50106 → 1883 [ACK] Seq=77 Ack=6 Win=42335 Len=0;
275;Jan 13, 2022 15:41:26.204354855 CET;192.168.1.102;192.168.1.104;50108;1883;74;50108 → 1883 [SYN] Seq=0 Win=42340 Len=0 MSS=1460 SACK_PERM=1 TSval=1796991100 TSecr=0 WS=512;
276;Jan 13, 2022 15:41:26.259245111 CET;192.168.1.104;192.168.1.102;1883;50108;58;1883 → 50108 [SYN, ACK] Seq=0 Ack=1 Win=8192 Len=0 MSS=1460;
277;Jan 13, 2022 15:41:26.259288909 CET;192.168.1.102;192.168.1.104;50108;1883;54;50108 → 1883 [ACK] Seq=1 Ack=1 Win=42340 Len=0;
278;Jan 13, 2022 15:41:26.259328402 CET;192.168.1.102;192.168.1.104;50108;1883;108;Connect Command;
279;Jan 13, 2022 15:41:26.540558411 CET;192.168.1.102;192.168.1.104;50108;1883;108;[TCP Retransmission] 50108 → 1883 [PSH, ACK] Seq=1 Ack=1 Win=42340 Len=54;
280;Jan 13, 2022 15:41:26.609165620 CET;192.168.1.104;192.168.1.102;1883;50108;54;1883 → 50108 [ACK] Seq=1 Ack=55 Win=8192 Len=0;
281;Jan 13, 2022 15:41:26.615157375 CET;192.168.1.104;192.168.1.102;1883;50108;58;Connect Ack;
282;Jan 13, 2022 15:41:26.615176649 CET;192.168.1.102;192.168.1.104;50108;1883;54;50108 → 1883 [ACK] Seq=55 Ack=5 Win=42336 Len=0;
283;Jan 13, 2022 15:41:26.615232939 CET;192.168.1.102;192.168.1.104;50108;1883;73;Publish Message [topic];message022
284;Jan 13, 2022 15:41:26.615248687 CET;192.168.1.102;192.168.1.104;50108;1883;56;Disconnect Req;
285;Jan 13, 2022 15:41:27.148790050 CET;192.168.1.102;192.168.1.104;50108;1883;75;[TCP Retransmission] 50108 → 1883 [FIN, PSH, ACK] Seq=55 Ack=5 Win=42336 Len=21;
286;Jan 13, 2022 15:41:27.207971537 CET;192.168.1.104;192.168.1.102;1883;50108;54;1883 → 50108 [FIN, ACK] Seq=5 Ack=77 Win=8192 Len=0;
287;Jan 13, 2022 15:41:27.208017070 CET;192.168.1.102;192.168.1.104;50108;1883;54;50108 → 1883 [ACK] Seq=77 Ack=6 Win=42335 Len=0;
288;Jan 13, 2022 15:41:31.619039771 CET;192.168.1.102;192.168.1.104;50110;1883;74;50110 → 1883 [SYN] Seq=0 Win=42340 Len=0 MSS=1460 SACK_PERM=1 TSval=1796996515 TSecr=0 WS=512;
289;Jan 13, 2022 15:41:31.732064171 CET;192.168.1.104;192.168.1.102;1883;50110;58;1883 → 50110 [SYN, ACK] Seq=0 Ack=1 Win=8192 Len=0 MSS=1460;
290;Jan 13, 2022 15:41:31.732095428 CET;192.168.1.102;192.168.1.104;50110;1883;54;50110 → 1883 [ACK] Seq=1 Ack=1 Win=42340 Len=0;
291;Jan 13, 2022 15:41:31.732135870 CET;192.168.1.102;192.168.1.104;50110;1883;108;Connect Command;
292;Jan 13, 2022 15:41:32.076631576 CET;192.168.1.102;192.168.1.104;50110;1883;108;[TCP Retransmission] 50110 → 1883 [PSH, ACK] Seq=1 Ack=1 Win=42340 Len=54;
293;Jan 13, 2022 15:41:32.135374772 CET;192.168.1.104;192.168.1.102;1883;50110;54;1883 → 50110 [ACK] Seq=1 Ack=55 Win=8192 Len=0;
294;Jan 13, 2022 15:41:32.138011875 CET;192.168.1.104;192.168.1.102;1883;50110;58;Connect Ack;
295;Jan 13, 2022 15:41:32.138030718 CET;192.168.1.102;192.168.1.104;50110;1883;54;50110 → 1883 [ACK] Seq=55 Ack=5 Win=42336 Len=0;
296;Jan 13, 2022 15:41:32.138083447 CET;192.168.1.102;192.168.1.104;50110;1883;73;Publish Message [topic];message023
297;Jan 13, 2022 15:41:32.138098565 CET;192.168.1.102;192.168.1.104;50110;1883;56;Disconnect Req;
298;Jan 13, 2022 15:41:32.844582735 CET;192.168.1.102;192.168.1.104;50110;1883;75;[TCP Retransmission] 50110 → 1883 [FIN, PSH, ACK] Seq=55 Ack=5 Win=42336 Len=21;
299;Jan 13, 2022 15:41:32.914415031 CET;192.168.1.104;192.168.1.102;1883;50110;54;1883 → 50110 [FIN, ACK] Seq=5 Ack=77 Win=8192 Len=0;
300;Jan 13, 2022 15:41:32.914446096 CET;192.168.1.102;192.168.1.104;50110;1883;54;50110 → 1883 [ACK] Seq=77 Ack=6 Win=42335 Len=0;
301;Jan 13, 2022 15:41:37.155891298 CET;192.168.1.102;192.168.1.104;50112;1883;74;50112 → 1883 [SYN] Seq=0 Win=42340 Len=0 MSS=1460 SACK_PERM=1 TSval=1797002052 TSecr=0 WS=512;
302;Jan 13, 2022 15:41:37.208961120 CET;192.168.1.104;192.168.1.102;1883;50112;58;1883 → 50112 [SYN, ACK] Seq=0 Ack=1 Win=8192 Len=0 MSS=1460;
303;Jan 13, 2022 15:41:37.208991988 CET;192.168.1.102;192.168.1.104;50112;1883;54;50112 → 1883 [ACK] Seq=1 Ack=1 Win=42340 Len=0;
304;Jan 13, 2022 15:41:37.209040098 CET;192.168.1.102;192.168.1.104;50112;1883;108;Connect Command;
305;Jan 13, 2022 15:41:37.484519503 CET;192.168.1.102;192.168.1.104;50112;1883;108;[TCP Retransmission] 50112 → 1883 [PSH, ACK] Seq=1 Ack=1 Win=42340 Len=54;
306;Jan 13, 2022 15:41:37.546579334 CET;192.168.1.104;192.168.1.102;1883;50112;54;1883 → 50112 [ACK] Seq=1 Ack=55 Win=8192 Len=0;
307;Jan 13, 2022 15:41:37.552163809 CET;192.168.1.104;192.168.1.102;1883;50112;58;Connect Ack;
308;Jan 13, 2022 15:41:37.552183523 CET;192.168.1.102;192.168.1.104;50112;1883;54;50112 → 1883 [ACK] Seq=55 Ack=5 Win=42336 Len=0;
309;Jan 13, 2022 15:41:37.552246008 CET;192.168.1.102;192.168.1.104;50112;1883;73;Publish Message [topic];message024
310;Jan 13, 2022 15:41:37.552262763 CET;192.168.1.102;192.168.1.104;50112;1883;56;Disconnect Req;
311;Jan 13, 2022 15:41:38.092533438 CET;192.168.1.102;192.168.1.104;50112;1883;75;[TCP Retransmission] 50112 → 1883 [FIN, PSH, ACK] Seq=55 Ack=5 Win=42336 Len=21;
312;Jan 13, 2022 15:41:38.152452459 CET;192.168.1.104;192.168.1.102;1883;50112;54;1883 → 50112 [FIN, ACK] Seq=5 Ack=77 Win=8192 Len=0;
313;Jan 13, 2022 15:41:38.152477641 CET;192.168.1.102;192.168.1.104;50112;1883;54;50112 → 1883 [ACK] Seq=77 Ack=6 Win=42335 Len=0;
314;Jan 13, 2022 15:41:42.567588774 CET;192.168.1.102;192.168.1.104;50114;1883;74;50114 → 1883 [SYN] Seq=0 Win=42340 Len=0 MSS=1460 SACK_PERM=1 TSval=1797007463 TSecr=0 WS=512;
315;Jan 13, 2022 15:41:42.621784218 CET;192.168.1.104;192.168.1.102;1883;50114;58;1883 → 50114 [SYN, ACK] Seq=0 Ack=1 Win=8192 Len=0 MSS=1460;
316;Jan 13, 2022 15:41:42.621813946 CET;192.168.1.102;192.168.1.104;50114;1883;54;50114 → 1883 [ACK] Seq=1 Ack=1 Win=42340 Len=0;
317;Jan 13, 2022 15:41:42.621855118 CET;192.168.1.102;192.168.1.104;50114;1883;108;Connect Command;
318;Jan 13, 2022 15:41:42.892523065 CET;192.168.1.102;192.168.1.104;50114;1883;108;[TCP Retransmission] 50114 → 1883 [PSH, ACK] Seq=1 Ack=1 Win=42340 Len=54;
319;Jan 13, 2022 15:41:42.950652644 CET;192.168.1.104;192.168.1.102;1883;50114;54;1883 → 50114 [ACK] Seq=1 Ack=55 Win=8192 Len=0;
320;Jan 13, 2022 15:41:42.952716796 CET;192.168.1.104;192.168.1.102;1883;50114;58;Connect Ack;
321;Jan 13, 2022 15:41:42.952747992 CET;192.168.1.102;192.168.1.104;50114;1883;54;50114 → 1883 [ACK] Seq=55 Ack=5 Win=42336 Len=0;
322;Jan 13, 2022 15:41:42.952806334 CET;192.168.1.102;192.168.1.104;50114;1883;73;Publish Message [topic];message025
323;Jan 13, 2022 15:41:42.952821330 CET;192.168.1.102;192.168.1.104;50114;1883;56;Disconnect Req;
324;Jan 13, 2022 15:41:43.468533898 CET;192.168.1.102;192.168.1.104;50114;1883;75;[TCP Retransmission] 50114 → 1883 [FIN, PSH, ACK] Seq=55 Ack=5 Win=42336 Len=21;
325;Jan 13, 2022 15:41:43.523407716 CET;192.168.1.104;192.168.1.102;1883;50114;54;1883 → 50114 [FIN, ACK] Seq=5 Ack=77 Win=8192 Len=0;
326;Jan 13, 2022 15:41:43.523433125 CET;192.168.1.102;192.168.1.104;50114;1883;54;50114 → 1883 [ACK] Seq=77 Ack=6 Win=42335 Len=0;
327;Jan 13, 2022 15:41:47.968304829 CET;192.168.1.102;192.168.1.104;50116;1883;74;50116 → 1883 [SYN] Seq=0 Win=42340 Len=0 MSS=1460 SACK_PERM=1 TSval=1797012864 TSecr=0 WS=512;
328;Jan 13, 2022 15:41:48.021371126 CET;192.168.1.104;192.168.1.102;1883;50116;58;1883 → 50116 [SYN, ACK] Seq=0 Ack=1 Win=8192 Len=0 MSS=1460;
329;Jan 13, 2022 15:41:48.021402731 CET;192.168.1.102;192.168.1.104;50116;1883;54;50116 → 1883 [ACK] Seq=1 Ack=1 Win=42340 Len=0;
330;Jan 13, 2022 15:41:48.021446735 CET;192.168.1.102;192.168.1.104;50116;1883;108;Connect Command;
331;Jan 13, 2022 15:41:48.300566044 CET;192.168.1.102;192.168.1.104;50116;1883;108;[TCP Retransmission] 50116 → 1883 [PSH, ACK] Seq=1 Ack=1 Win=42340 Len=54;
332;Jan 13, 2022 15:41:48.369406706 CET;192.168.1.104;192.168.1.102;1883;50116;54;1883 → 50116 [ACK] Seq=1 Ack=55 Win=8192 Len=0;
333;Jan 13, 2022 15:41:48.377159438 CET;192.168.1.104;192.168.1.102;1883;50116;58;Connect Ack;
334;Jan 13, 2022 15:41:48.377179709 CET;192.168.1.102;192.168.1.104;50116;1883;54;50116 → 1883 [ACK] Seq=55 Ack=5 Win=42336 Len=0;
335;Jan 13, 2022 15:41:48.377242344 CET;192.168.1.102;192.168.1.104;50116;1883;73;Publish Message [topic];message026
336;Jan 13, 2022 15:41:48.377259015 CET;192.168.1.102;192.168.1.104;50116;1883;56;Disconnect Req;
337;Jan 13, 2022 15:41:48.908561167 CET;192.168.1.102;192.168.1.104;50116;1883;75;[TCP Retransmission] 50116 → 1883 [FIN, PSH, ACK] Seq=55 Ack=5 Win=42336 Len=21;
338;Jan 13, 2022 15:41:48.964687250 CET;192.168.1.104;192.168.1.102;1883;50116;54;1883 → 50116 [FIN, ACK] Seq=5 Ack=77 Win=8192 Len=0;
339;Jan 13, 2022 15:41:48.964713109 CET;192.168.1.102;192.168.1.104;50116;1883;54;50116 → 1883 [ACK] Seq=77 Ack=6 Win=42335 Len=0;
340;Jan 13, 2022 15:41:53.381800145 CET;192.168.1.102;192.168.1.104;50118;1883;74;50118 → 1883 [SYN] Seq=0 Win=42340 Len=0 MSS=1460 SACK_PERM=1 TSval=1797018277 TSecr=0 WS=512;
341;Jan 13, 2022 15:41:53.435447718 CET;192.168.1.104;192.168.1.102;1883;50118;58;1883 → 50118 [SYN, ACK] Seq=0 Ack=1 Win=8192 Len=0 MSS=1460;
342;Jan 13, 2022 15:41:53.435479756 CET;192.168.1.102;192.168.1.104;50118;1883;54;50118 → 1883 [ACK] Seq=1 Ack=1 Win=42340 Len=0;
343;Jan 13, 2022 15:41:53.435524777 CET;192.168.1.102;192.168.1.104;50118;1883;108;Connect Command;
344;Jan 13, 2022 15:41:53.709468456 CET;192.168.1.102;192.168.1.104;50118;1883;108;[TCP Retransmission] 50118 → 1883 [PSH, ACK] Seq=1 Ack=1 Win=42340 Len=54;
345;Jan 13, 2022 15:41:53.764882620 CET;192.168.1.104;192.168.1.102;1883;50118;54;1883 → 50118 [ACK] Seq=1 Ack=55 Win=8192 Len=0;
346;Jan 13, 2022 15:41:53.769508091 CET;192.168.1.104;192.168.1.102;1883;50118;58;Connect Ack;
347;Jan 13, 2022 15:41:53.769527905 CET;192.168.1.102;192.168.1.104;50118;1883;54;50118 → 1883 [ACK] Seq=55 Ack=5 Win=42336 Len=0;
348;Jan 13, 2022 15:41:53.769592890 CET;192.168.1.102;192.168.1.104;50118;1883;73;Publish Message [topic];message027
349;Jan 13, 2022 15:41:53.769610861 CET;192.168.1.102;192.168.1.104;50118;1883;56;Disconnect Req;
350;Jan 13, 2022 15:41:54.284583226 CET;192.168.1.102;192.168.1.104;50118;1883;75;[TCP Retransmission] 50118 → 1883 [FIN, PSH, ACK] Seq=55 Ack=5 Win=42336 Len=21;
351;Jan 13, 2022 15:41:54.338757309 CET;192.168.1.104;192.168.1.102;1883;50118;54;1883 → 50118 [FIN, ACK] Seq=5 Ack=77 Win=8192 Len=0;
352;Jan 13, 2022 15:41:54.338781426 CET;192.168.1.102;192.168.1.104;50118;1883;54;50118 → 1883 [ACK] Seq=77 Ack=6 Win=42335 Len=0;
353;Jan 13, 2022 15:41:58.774265149 CET;192.168.1.102;192.168.1.104;50120;1883;74;50120 → 1883 [SYN] Seq=0 Win=42340 Len=0 MSS=1460 SACK_PERM=1 TSval=1797023670 TSecr=0 WS=512;
354;Jan 13, 2022 15:41:58.827638836 CET;192.168.1.104;192.168.1.102;1883;50120;58;1883 → 50120 [SYN, ACK] Seq=0 Ack=1 Win=8192 Len=0 MSS=1460;
355;Jan 13, 2022 15:41:58.827680366 CET;192.168.1.102;192.168.1.104;50120;1883;54;50120 → 1883 [ACK] Seq=1 Ack=1 Win=42340 Len=0;
356;Jan 13, 2022 15:41:58.827734818 CET;192.168.1.102;192.168.1.104;50120;1883;108;Connect Command;
357;Jan 13, 2022 15:41:59.084556934 CET;192.168.1.102;192.168.1.104;50120;1883;108;[TCP Retransmission] 50120 → 1883 [PSH, ACK] Seq=1 Ack=1 Win=42340 Len=54;
358;Jan 13, 2022 15:41:59.147659341 CET;192.168.1.104;192.168.1.102;1883;50120;54;1883 → 50120 [ACK] Seq=1 Ack=55 Win=8192 Len=0;
359;Jan 13, 2022 15:41:59.150628353 CET;192.168.1.104;192.168.1.102;1883;50120;58;Connect Ack;
360;Jan 13, 2022 15:41:59.150638636 CET;192.168.1.102;192.168.1.104;50120;1883;54;50120 → 1883 [ACK] Seq=55 Ack=5 Win=42336 Len=0;
361;Jan 13, 2022 15:41:59.150688347 CET;192.168.1.102;192.168.1.104;50120;1883;73;Publish Message [topic];message028
362;Jan 13, 2022 15:41:59.150702304 CET;192.168.1.102;192.168.1.104;50120;1883;56;Disconnect Req;
363;Jan 13, 2022 15:41:59.692536935 CET;192.168.1.102;192.168.1.104;50120;1883;75;[TCP Retransmission] 50120 → 1883 [FIN, PSH, ACK] Seq=55 Ack=5 Win=42336 Len=21;
364;Jan 13, 2022 15:41:59.747538759 CET;192.168.1.104;192.168.1.102;1883;50120;54;1883 → 50120 [FIN, ACK] Seq=5 Ack=77 Win=8192 Len=0;
365;Jan 13, 2022 15:41:59.747564411 CET;192.168.1.102;192.168.1.104;50120;1883;54;50120 → 1883 [ACK] Seq=77 Ack=6 Win=42335 Len=0;
366;Jan 13, 2022 15:42:04.158975675 CET;192.168.1.102;192.168.1.104;50122;1883;74;50122 → 1883 [SYN] Seq=0 Win=42340 Len=0 MSS=1460 SACK_PERM=1 TSval=1797029055 TSecr=0 WS=512;
367;Jan 13, 2022 15:42:04.215051946 CET;192.168.1.104;192.168.1.102;1883;50122;58;1883 → 50122 [SYN, ACK] Seq=0 Ack=1 Win=8192 Len=0 MSS=1460;
368;Jan 13, 2022 15:42:04.215084523 CET;192.168.1.102;192.168.1.104;50122;1883;54;50122 → 1883 [ACK] Seq=1 Ack=1 Win=42340 Len=0;
369;Jan 13, 2022 15:42:04.215130036 CET;192.168.1.102;192.168.1.104;50122;1883;108;Connect Command;
370;Jan 13, 2022 15:42:04.492674988 CET;192.168.1.102;192.168.1.104;50122;1883;108;[TCP Retransmission] 50122 → 1883 [PSH, ACK] Seq=1 Ack=1 Win=42340 Len=54;
371;Jan 13, 2022 15:42:04.547756741 CET;192.168.1.104;192.168.1.102;1883;50122;54;1883 → 50122 [ACK] Seq=1 Ack=55 Win=8192 Len=0;
372;Jan 13, 2022 15:42:04.551658071 CET;192.168.1.104;192.168.1.102;1883;50122;58;Connect Ack;
373;Jan 13, 2022 15:42:04.551705702 CET;192.168.1.102;192.168.1.104;50122;1883;54;50122 → 1883 [ACK] Seq=55 Ack=5 Win=42336 Len=0;
374;Jan 13, 2022 15:42:04.551886431 CET;192.168.1.102;192.168.1.104;50122;1883;73;Publish Message [topic];message029
375;Jan 13, 2022 15:42:04.551937754 CET;192.168.1.102;192.168.1.104;50122;1883;56;Disconnect Req;
376;Jan 13, 2022 15:42:05.100552223 CET;192.168.1.102;192.168.1.104;50122;1883;75;[TCP Retransmission] 50122 → 1883 [FIN, PSH, ACK] Seq=55 Ack=5 Win=42336 Len=21;
377;Jan 13, 2022 15:42:05.161248229 CET;192.168.1.104;192.168.1.102;1883;50122;54;1883 → 50122 [FIN, ACK] Seq=5 Ack=77 Win=8192 Len=0;
378;Jan 13, 2022 15:42:05.161272624 CET;192.168.1.102;192.168.1.104;50122;1883;54;50122 → 1883 [ACK] Seq=77 Ack=6 Win=42335 Len=0;
379;Jan 13, 2022 15:42:09.569319167 CET;192.168.1.102;192.168.1.104;50124;1883;74;50124 → 1883 [SYN] Seq=0 Win=42340 Len=0 MSS=1460 SACK_PERM=1 TSval=1797034465 TSecr=0 WS=512;
380;Jan 13, 2022 15:42:09.627084763 CET;192.168.1.104;192.168.1.102;1883;50124;58;1883 → 50124 [SYN, ACK] Seq=0 Ack=1 Win=8192 Len=0 MSS=1460;
381;Jan 13, 2022 15:42:09.627110933 CET;192.168.1.102;192.168.1.104;50124;1883;54;50124 → 1883 [ACK] Seq=1 Ack=1 Win=42340 Len=0;
382;Jan 13, 2022 15:42:09.627145172 CET;192.168.1.102;192.168.1.104;50124;1883;108;Connect Command;
383;Jan 13, 2022 15:42:09.901046176 CET;192.168.1.102;192.168.1.104;50124;1883;108;[TCP Retransmission] 50124 → 1883 [PSH, ACK] Seq=1 Ack=1 Win=42340 Len=54;
384;Jan 13, 2022 15:42:09.959710549 CET;192.168.1.104;192.168.1.102;1883;50124;54;1883 → 50124 [ACK] Seq=1 Ack=55 Win=8192 Len=0;
385;Jan 13, 2022 15:42:09.962408955 CET;192.168.1.104;192.168.1.102;1883;50124;58;Connect Ack;
386;Jan 13, 2022 15:42:09.962428077 CET;192.168.1.102;192.168.1.104;50124;1883;54;50124 → 1883 [ACK] Seq=55 Ack=5 Win=42336 Len=0;
387;Jan 13, 2022 15:42:09.962484785 CET;192.168.1.102;192.168.1.104;50124;1883;73;Publish Message [topic];message030
388;Jan 13, 2022 15:42:09.962501052 CET;192.168.1.102;192.168.1.104;50124;1883;56;Disconnect Req;
389;Jan 13, 2022 15:42:10.508579521 CET;192.168.1.102;192.168.1.104;50124;1883;75;[TCP Retransmission] 50124 → 1883 [FIN, PSH, ACK] Seq=55 Ack=5 Win=42336 Len=21;
390;Jan 13, 2022 15:42:10.562363486 CET;192.168.1.104;192.168.1.102;1883;50124;54;1883 → 50124 [FIN, ACK] Seq=5 Ack=77 Win=8192 Len=0;
391;Jan 13, 2022 15:42:10.562385796 CET;192.168.1.102;192.168.1.104;50124;1883;54;50124 → 1883 [ACK] Seq=77 Ack=6 Win=42335 Len=0;
392;Jan 13, 2022 15:42:14.977358168 CET;192.168.1.102;192.168.1.104;50128;1883;74;50128 → 1883 [SYN] Seq=0 Win=42340 Len=0 MSS=1460 SACK_PERM=1 TSval=1797039873 TSecr=0 WS=512;
393;Jan 13, 2022 15:42:15.038271055 CET;192.168.1.104;192.168.1.102;1883;50128;58;1883 → 50128 [SYN, ACK] Seq=0 Ack=1 Win=8192 Len=0 MSS=1460;
394;Jan 13, 2022 15:42:15.038308566 CET;192.168.1.102;192.168.1.104;50128;1883;54;50128 → 1883 [ACK] Seq=1 Ack=1 Win=42340 Len=0;
395;Jan 13, 2022 15:42:15.038357993 CET;192.168.1.102;192.168.1.104;50128;1883;108;Connect Command;
396;Jan 13, 2022 15:42:15.308638503 CET;192.168.1.102;192.168.1.104;50128;1883;108;[TCP Retransmission] 50128 → 1883 [PSH, ACK] Seq=1 Ack=1 Win=42340 Len=54;
397;Jan 13, 2022 15:42:15.379612529 CET;192.168.1.104;192.168.1.102;1883;50128;54;1883 → 50128 [ACK] Seq=1 Ack=55 Win=8192 Len=0;
398;Jan 13, 2022 15:42:15.386988359 CET;192.168.1.104;192.168.1.102;1883;50128;58;Connect Ack;
399;Jan 13, 2022 15:42:15.387006195 CET;192.168.1.102;192.168.1.104;50128;1883;54;50128 → 1883 [ACK] Seq=55 Ack=5 Win=42336 Len=0;
400;Jan 13, 2022 15:42:15.387055901 CET;192.168.1.102;192.168.1.104;50128;1883;73;Publish Message [topic];message031
401;Jan 13, 2022 15:42:15.387071365 CET;192.168.1.102;192.168.1.104;50128;1883;56;Disconnect Req;
402;Jan 13, 2022 15:42:15.916514896 CET;192.168.1.102;192.168.1.104;50128;1883;75;[TCP Retransmission] 50128 → 1883 [FIN, PSH, ACK] Seq=55 Ack=5 Win=42336 Len=21;
403;Jan 13, 2022 15:42:15.969787472 CET;192.168.1.104;192.168.1.102;1883;50128;54;1883 → 50128 [FIN, ACK] Seq=5 Ack=77 Win=8192 Len=0;
404;Jan 13, 2022 15:42:15.969812703 CET;192.168.1.102;192.168.1.104;50128;1883;54;50128 → 1883 [ACK] Seq=77 Ack=6 Win=42335 Len=0;
405;Jan 13, 2022 15:42:20.394730173 CET;192.168.1.102;192.168.1.104;50130;1883;74;50130 → 1883 [SYN] Seq=0 Win=42340 Len=0 MSS=1460 SACK_PERM=1 TSval=1797045290 TSecr=0 WS=512;
406;Jan 13, 2022 15:42:20.451875866 CET;192.168.1.104;192.168.1.102;1883;50130;58;1883 → 50130 [SYN, ACK] Seq=0 Ack=1 Win=8192 Len=0 MSS=1460;
407;Jan 13, 2022 15:42:20.451906272 CET;192.168.1.102;192.168.1.104;50130;1883;54;50130 → 1883 [ACK] Seq=1 Ack=1 Win=42340 Len=0;
408;Jan 13, 2022 15:42:20.451949737 CET;192.168.1.102;192.168.1.104;50130;1883;108;Connect Command;
409;Jan 13, 2022 15:42:20.716557601 CET;192.168.1.102;192.168.1.104;50130;1883;108;[TCP Retransmission] 50130 → 1883 [PSH, ACK] Seq=1 Ack=1 Win=42340 Len=54;
410;Jan 13, 2022 15:42:20.776680426 CET;192.168.1.104;192.168.1.102;1883;50130;54;1883 → 50130 [ACK] Seq=1 Ack=55 Win=8192 Len=0;
411;Jan 13, 2022 15:42:20.779884813 CET;192.168.1.104;192.168.1.102;1883;50130;58;Connect Ack;
412;Jan 13, 2022 15:42:20.779903897 CET;192.168.1.102;192.168.1.104;50130;1883;54;50130 → 1883 [ACK] Seq=55 Ack=5 Win=42336 Len=0;
413;Jan 13, 2022 15:42:20.779968100 CET;192.168.1.102;192.168.1.104;50130;1883;73;Publish Message [topic];message032
414;Jan 13, 2022 15:42:20.779984439 CET;192.168.1.102;192.168.1.104;50130;1883;56;Disconnect Req;
415;Jan 13, 2022 15:42:21.324522957 CET;192.168.1.102;192.168.1.104;50130;1883;75;[TCP Retransmission] 50130 → 1883 [FIN, PSH, ACK] Seq=55 Ack=5 Win=42336 Len=21;
416;Jan 13, 2022 15:42:21.378710611 CET;192.168.1.104;192.168.1.102;1883;50130;54;1883 → 50130 [FIN, ACK] Seq=5 Ack=77 Win=8192 Len=0;
417;Jan 13, 2022 15:42:21.378740389 CET;192.168.1.102;192.168.1.104;50130;1883;54;50130 → 1883 [ACK] Seq=77 Ack=6 Win=42335 Len=0;
418;Jan 13, 2022 15:42:25.796406221 CET;192.168.1.102;192.168.1.104;50132;1883;74;50132 → 1883 [SYN] Seq=0 Win=42340 Len=0 MSS=1460 SACK_PERM=1 TSval=1797050692 TSecr=0 WS=512;
419;Jan 13, 2022 15:42:25.850338414 CET;192.168.1.104;192.168.1.102;1883;50132;58;1883 → 50132 [SYN, ACK] Seq=0 Ack=1 Win=8192 Len=0 MSS=1460;
420;Jan 13, 2022 15:42:25.850411180 CET;192.168.1.102;192.168.1.104;50132;1883;54;50132 → 1883 [ACK] Seq=1 Ack=1 Win=42340 Len=0;
421;Jan 13, 2022 15:42:25.850468825 CET;192.168.1.102;192.168.1.104;50132;1883;108;Connect Command;
422;Jan 13, 2022 15:42:26.124696261 CET;192.168.1.102;192.168.1.104;50132;1883;108;[TCP Retransmission] 50132 → 1883 [PSH, ACK] Seq=1 Ack=1 Win=42340 Len=54;
423;Jan 13, 2022 15:42:26.184706009 CET;192.168.1.104;192.168.1.102;1883;50132;54;1883 → 50132 [ACK] Seq=1 Ack=55 Win=8192 Len=0;
424;Jan 13, 2022 15:42:26.187609185 CET;192.168.1.104;192.168.1.102;1883;50132;58;Connect Ack;
425;Jan 13, 2022 15:42:26.187620091 CET;192.168.1.102;192.168.1.104;50132;1883;54;50132 → 1883 [ACK] Seq=55 Ack=5 Win=42336 Len=0;
426;Jan 13, 2022 15:42:26.187666343 CET;192.168.1.102;192.168.1.104;50132;1883;73;Publish Message [topic];message033
427;Jan 13, 2022 15:42:26.187680322 CET;192.168.1.102;192.168.1.104;50132;1883;56;Disconnect Req;
428;Jan 13, 2022 15:42:26.700673016 CET;192.168.1.102;192.168.1.104;50132;1883;75;[TCP Retransmission] 50132 → 1883 [FIN, PSH, ACK] Seq=55 Ack=5 Win=42336 Len=21;
429;Jan 13, 2022 15:42:26.765228308 CET;192.168.1.104;192.168.1.102;1883;50132;54;1883 → 50132 [FIN, ACK] Seq=5 Ack=77 Win=8192 Len=0;
430;Jan 13, 2022 15:42:26.765251010 CET;192.168.1.102;192.168.1.104;50132;1883;54;50132 → 1883 [ACK] Seq=77 Ack=6 Win=42335 Len=0;
431;Jan 13, 2022 15:42:31.201650896 CET;192.168.1.102;192.168.1.104;50134;1883;74;50134 → 1883 [SYN] Seq=0 Win=42340 Len=0 MSS=1460 SACK_PERM=1 TSval=1797056097 TSecr=0 WS=512;
432;Jan 13, 2022 15:42:31.256089773 CET;192.168.1.104;192.168.1.102;1883;50134;58;1883 → 50134 [SYN, ACK] Seq=0 Ack=1 Win=8192 Len=0 MSS=1460;
433;Jan 13, 2022 15:42:31.256127524 CET;192.168.1.102;192.168.1.104;50134;1883;54;50134 → 1883 [ACK] Seq=1 Ack=1 Win=42340 Len=0;
434;Jan 13, 2022 15:42:31.256189116 CET;192.168.1.102;192.168.1.104;50134;1883;108;Connect Command;
435;Jan 13, 2022 15:42:31.532598263 CET;192.168.1.102;192.168.1.104;50134;1883;108;[TCP Retransmission] 50134 → 1883 [PSH, ACK] Seq=1 Ack=1 Win=42340 Len=54;
436;Jan 13, 2022 15:42:31.593310708 CET;192.168.1.104;192.168.1.102;1883;50134;54;1883 → 50134 [ACK] Seq=1 Ack=55 Win=8192 Len=0;
437;Jan 13, 2022 15:42:31.596370585 CET;192.168.1.104;192.168.1.102;1883;50134;58;Connect Ack;
438;Jan 13, 2022 15:42:31.596389272 CET;192.168.1.102;192.168.1.104;50134;1883;54;50134 → 1883 [ACK] Seq=55 Ack=5 Win=42336 Len=0;
439;Jan 13, 2022 15:42:31.596467620 CET;192.168.1.102;192.168.1.104;50134;1883;73;Publish Message [topic];message034
440;Jan 13, 2022 15:42:31.596484737 CET;192.168.1.102;192.168.1.104;50134;1883;56;Disconnect Req;
441;Jan 13, 2022 15:42:32.108663977 CET;192.168.1.102;192.168.1.104;50134;1883;75;[TCP Retransmission] 50134 → 1883 [FIN, PSH, ACK] Seq=55 Ack=5 Win=42336 Len=21;
442;Jan 13, 2022 15:42:32.173082303 CET;192.168.1.104;192.168.1.102;1883;50134;54;1883 → 50134 [FIN, ACK] Seq=5 Ack=77 Win=8192 Len=0;
443;Jan 13, 2022 15:42:32.173106031 CET;192.168.1.102;192.168.1.104;50134;1883;54;50134 → 1883 [ACK] Seq=77 Ack=6 Win=42335 Len=0;
444;Jan 13, 2022 15:42:36.602804282 CET;192.168.1.102;192.168.1.104;50136;1883;74;50136 → 1883 [SYN] Seq=0 Win=42340 Len=0 MSS=1460 SACK_PERM=1 TSval=1797061498 TSecr=0 WS=512;
445;Jan 13, 2022 15:42:36.657356405 CET;192.168.1.104;192.168.1.102;1883;50136;58;1883 → 50136 [SYN, ACK] Seq=0 Ack=1 Win=8192 Len=0 MSS=1460;
446;Jan 13, 2022 15:42:36.657384514 CET;192.168.1.102;192.168.1.104;50136;1883;54;50136 → 1883 [ACK] Seq=1 Ack=1 Win=42340 Len=0;
447;Jan 13, 2022 15:42:36.657426971 CET;192.168.1.102;192.168.1.104;50136;1883;108;Connect Command;
448;Jan 13, 2022 15:42:36.940835681 CET;192.168.1.102;192.168.1.104;50136;1883;108;[TCP Retransmission] 50136 → 1883 [PSH, ACK] Seq=1 Ack=1 Win=42340 Len=54;
449;Jan 13, 2022 15:42:36.998513607 CET;192.168.1.104;192.168.1.102;1883;50136;54;1883 → 50136 [ACK] Seq=1 Ack=55 Win=8192 Len=0;
450;Jan 13, 2022 15:42:37.001438170 CET;192.168.1.104;192.168.1.102;1883;50136;58;Connect Ack;
451;Jan 13, 2022 15:42:37.001457462 CET;192.168.1.102;192.168.1.104;50136;1883;54;50136 → 1883 [ACK] Seq=55 Ack=5 Win=42336 Len=0;
452;Jan 13, 2022 15:42:37.001518019 CET;192.168.1.102;192.168.1.104;50136;1883;73;Publish Message [topic];message035
453;Jan 13, 2022 15:42:37.001533366 CET;192.168.1.102;192.168.1.104;50136;1883;56;Disconnect Req;
454;Jan 13, 2022 15:42:37.516657155 CET;192.168.1.102;192.168.1.104;50136;1883;75;[TCP Retransmission] 50136 → 1883 [FIN, PSH, ACK] Seq=55 Ack=5 Win=42336 Len=21;
455;Jan 13, 2022 15:42:37.572192206 CET;192.168.1.104;192.168.1.102;1883;50136;54;1883 → 50136 [FIN, ACK] Seq=5 Ack=77 Win=8192 Len=0;
456;Jan 13, 2022 15:42:37.572219152 CET;192.168.1.102;192.168.1.104;50136;1883;54;50136 → 1883 [ACK] Seq=77 Ack=6 Win=42335 Len=0;
457;Jan 13, 2022 15:42:42.025619551 CET;192.168.1.102;192.168.1.104;50138;1883;74;50138 → 1883 [SYN] Seq=0 Win=42340 Len=0 MSS=1460 SACK_PERM=1 TSval=1797066921 TSecr=0 WS=512;
458;Jan 13, 2022 15:42:42.080637179 CET;192.168.1.104;192.168.1.102;1883;50138;58;1883 → 50138 [SYN, ACK] Seq=0 Ack=1 Win=8192 Len=0 MSS=1460;
459;Jan 13, 2022 15:42:42.080672186 CET;192.168.1.102;192.168.1.104;50138;1883;54;50138 → 1883 [ACK] Seq=1 Ack=1 Win=42340 Len=0;
460;Jan 13, 2022 15:42:42.080717474 CET;192.168.1.102;192.168.1.104;50138;1883;108;Connect Command;
461;Jan 13, 2022 15:42:42.348933843 CET;192.168.1.102;192.168.1.104;50138;1883;108;[TCP Retransmission] 50138 → 1883 [PSH, ACK] Seq=1 Ack=1 Win=42340 Len=54;
462;Jan 13, 2022 15:42:42.419060114 CET;192.168.1.104;192.168.1.102;1883;50138;54;1883 → 50138 [ACK] Seq=1 Ack=55 Win=8192 Len=0;
463;Jan 13, 2022 15:42:42.425648209 CET;192.168.1.104;192.168.1.102;1883;50138;58;Connect Ack;
464;Jan 13, 2022 15:42:42.425666765 CET;192.168.1.102;192.168.1.104;50138;1883;54;50138 → 1883 [ACK] Seq=55 Ack=5 Win=42336 Len=0;
465;Jan 13, 2022 15:42:42.425725009 CET;192.168.1.102;192.168.1.104;50138;1883;73;Publish Message [topic];message036
466;Jan 13, 2022 15:42:42.425740250 CET;192.168.1.102;192.168.1.104;50138;1883;56;Disconnect Req;
467;Jan 13, 2022 15:42:42.956860413 CET;192.168.1.102;192.168.1.104;50138;1883;75;[TCP Retransmission] 50138 → 1883 [FIN, PSH, ACK] Seq=55 Ack=5 Win=42336 Len=21;
468;Jan 13, 2022 15:42:43.010983120 CET;192.168.1.104;192.168.1.102;1883;50138;54;1883 → 50138 [FIN, ACK] Seq=5 Ack=77 Win=8192 Len=0;
469;Jan 13, 2022 15:42:43.011006798 CET;192.168.1.102;192.168.1.104;50138;1883;54;50138 → 1883 [ACK] Seq=77 Ack=6 Win=42335 Len=0;
470;Jan 13, 2022 15:42:47.431342598 CET;192.168.1.102;192.168.1.104;50140;1883;74;50140 → 1883 [SYN] Seq=0 Win=42340 Len=0 MSS=1460 SACK_PERM=1 TSval=1797072327 TSecr=0 WS=512;
471;Jan 13, 2022 15:42:47.487933044 CET;192.168.1.104;192.168.1.102;1883;50140;58;1883 → 50140 [SYN, ACK] Seq=0 Ack=1 Win=8192 Len=0 MSS=1460;
472;Jan 13, 2022 15:42:47.487962179 CET;192.168.1.102;192.168.1.104;50140;1883;54;50140 → 1883 [ACK] Seq=1 Ack=1 Win=42340 Len=0;
473;Jan 13, 2022 15:42:47.488009805 CET;192.168.1.102;192.168.1.104;50140;1883;108;Connect Command;
474;Jan 13, 2022 15:42:47.756599361 CET;192.168.1.102;192.168.1.104;50140;1883;108;[TCP Retransmission] 50140 → 1883 [PSH, ACK] Seq=1 Ack=1 Win=42340 Len=54;
475;Jan 13, 2022 15:42:47.815330191 CET;192.168.1.104;192.168.1.102;1883;50140;54;1883 → 50140 [ACK] Seq=1 Ack=55 Win=8192 Len=0;
476;Jan 13, 2022 15:42:47.818666491 CET;192.168.1.104;192.168.1.102;1883;50140;58;Connect Ack;
477;Jan 13, 2022 15:42:47.818686313 CET;192.168.1.102;192.168.1.104;50140;1883;54;50140 → 1883 [ACK] Seq=55 Ack=5 Win=42336 Len=0;
478;Jan 13, 2022 15:42:47.818749005 CET;192.168.1.102;192.168.1.104;50140;1883;73;Publish Message [topic];message037
479;Jan 13, 2022 15:42:47.818765945 CET;192.168.1.102;192.168.1.104;50140;1883;56;Disconnect Req;
480;Jan 13, 2022 15:42:48.364583718 CET;192.168.1.102;192.168.1.104;50140;1883;75;[TCP Retransmission] 50140 → 1883 [FIN, PSH, ACK] Seq=55 Ack=5 Win=42336 Len=21;
481;Jan 13, 2022 15:42:48.418968393 CET;192.168.1.104;192.168.1.102;1883;50140;54;1883 → 50140 [FIN, ACK] Seq=5 Ack=77 Win=8192 Len=0;
482;Jan 13, 2022 15:42:48.418991990 CET;192.168.1.102;192.168.1.104;50140;1883;54;50140 → 1883 [ACK] Seq=77 Ack=6 Win=42335 Len=0;
483;Jan 13, 2022 15:42:52.831314314 CET;192.168.1.102;192.168.1.104;50142;1883;74;50142 → 1883 [SYN] Seq=0 Win=42340 Len=0 MSS=1460 SACK_PERM=1 TSval=1797077727 TSecr=0 WS=512;
484;Jan 13, 2022 15:42:52.888117064 CET;192.168.1.104;192.168.1.102;1883;50142;58;1883 → 50142 [SYN, ACK] Seq=0 Ack=1 Win=8192 Len=0 MSS=1460;
485;Jan 13, 2022 15:42:52.888151248 CET;192.168.1.102;192.168.1.104;50142;1883;54;50142 → 1883 [ACK] Seq=1 Ack=1 Win=42340 Len=0;
486;Jan 13, 2022 15:42:52.888196459 CET;192.168.1.102;192.168.1.104;50142;1883;108;Connect Command;
487;Jan 13, 2022 15:42:53.168630613 CET;192.168.1.102;192.168.1.104;50142;1883;108;[TCP Retransmission] 50142 → 1883 [PSH, ACK] Seq=1 Ack=1 Win=42340 Len=54;
488;Jan 13, 2022 15:42:53.238830566 CET;192.168.1.104;192.168.1.102;1883;50142;54;1883 → 50142 [ACK] Seq=1 Ack=55 Win=8192 Len=0;
489;Jan 13, 2022 15:42:53.246792806 CET;192.168.1.104;192.168.1.102;1883;50142;58;Connect Ack;
490;Jan 13, 2022 15:42:53.246813845 CET;192.168.1.102;192.168.1.104;50142;1883;54;50142 → 1883 [ACK] Seq=55 Ack=5 Win=42336 Len=0;
491;Jan 13, 2022 15:42:53.246880326 CET;192.168.1.102;192.168.1.104;50142;1883;73;Publish Message [topic];message038
492;Jan 13, 2022 15:42:53.246897748 CET;192.168.1.102;192.168.1.104;50142;1883;56;Disconnect Req;
493;Jan 13, 2022 15:42:53.772525634 CET;192.168.1.102;192.168.1.104;50142;1883;75;[TCP Retransmission] 50142 → 1883 [FIN, PSH, ACK] Seq=55 Ack=5 Win=42336 Len=21;
494;Jan 13, 2022 15:42:53.827346571 CET;192.168.1.104;192.168.1.102;1883;50142;54;1883 → 50142 [FIN, ACK] Seq=5 Ack=77 Win=8192 Len=0;
495;Jan 13, 2022 15:42:53.827372811 CET;192.168.1.102;192.168.1.104;50142;1883;54;50142 → 1883 [ACK] Seq=77 Ack=6 Win=42335 Len=0;
496;Jan 13, 2022 15:42:58.251215565 CET;192.168.1.102;192.168.1.104;50144;1883;74;50144 → 1883 [SYN] Seq=0 Win=42340 Len=0 MSS=1460 SACK_PERM=1 TSval=1797083147 TSecr=0 WS=512;
497;Jan 13, 2022 15:42:58.304443856 CET;192.168.1.104;192.168.1.102;1883;50144;58;1883 → 50144 [SYN, ACK] Seq=0 Ack=1 Win=8192 Len=0 MSS=1460;
498;Jan 13, 2022 15:42:58.304474660 CET;192.168.1.102;192.168.1.104;50144;1883;54;50144 → 1883 [ACK] Seq=1 Ack=1 Win=42340 Len=0;
499;Jan 13, 2022 15:42:58.304550943 CET;192.168.1.102;192.168.1.104;50144;1883;108;Connect Command;
500;Jan 13, 2022 15:42:58.572538304 CET;192.168.1.102;192.168.1.104;50144;1883;108;[TCP Retransmission] 50144 → 1883 [PSH, ACK] Seq=1 Ack=1 Win=42340 Len=54;
501;Jan 13, 2022 15:42:58.630435595 CET;192.168.1.104;192.168.1.102;1883;50144;54;1883 → 50144 [ACK] Seq=1 Ack=55 Win=8192 Len=0;
502;Jan 13, 2022 15:42:58.633352778 CET;192.168.1.104;192.168.1.102;1883;50144;58;Connect Ack;
503;Jan 13, 2022 15:42:58.633370717 CET;192.168.1.102;192.168.1.104;50144;1883;54;50144 → 1883 [ACK] Seq=55 Ack=5 Win=42336 Len=0;
504;Jan 13, 2022 15:42:58.633431530 CET;192.168.1.102;192.168.1.104;50144;1883;73;Publish Message [topic];message039
505;Jan 13, 2022 15:42:58.633446565 CET;192.168.1.102;192.168.1.104;50144;1883;56;Disconnect Req;
506;Jan 13, 2022 15:42:59.148586612 CET;192.168.1.102;192.168.1.104;50144;1883;75;[TCP Retransmission] 50144 → 1883 [FIN, PSH, ACK] Seq=55 Ack=5 Win=42336 Len=21;
507;Jan 13, 2022 15:42:59.215237102 CET;192.168.1.104;192.168.1.102;1883;50144;54;1883 → 50144 [FIN, ACK] Seq=5 Ack=77 Win=8192 Len=0;
508;Jan 13, 2022 15:42:59.215258057 CET;192.168.1.102;192.168.1.104;50144;1883;54;50144 → 1883 [ACK] Seq=77 Ack=6 Win=42335 Len=0;
509;Jan 13, 2022 15:43:03.645806336 CET;192.168.1.102;192.168.1.104;50146;1883;74;50146 → 1883 [SYN] Seq=0 Win=42340 Len=0 MSS=1460 SACK_PERM=1 TSval=1797088541 TSecr=0 WS=512;
510;Jan 13, 2022 15:43:03.705260393 CET;192.168.1.104;192.168.1.102;1883;50146;58;1883 → 50146 [SYN, ACK] Seq=0 Ack=1 Win=8192 Len=0 MSS=1460;
511;Jan 13, 2022 15:43:03.705286983 CET;192.168.1.102;192.168.1.104;50146;1883;54;50146 → 1883 [ACK] Seq=1 Ack=1 Win=42340 Len=0;
512;Jan 13, 2022 15:43:03.705325617 CET;192.168.1.102;192.168.1.104;50146;1883;108;Connect Command;
513;Jan 13, 2022 15:43:03.980623915 CET;192.168.1.102;192.168.1.104;50146;1883;108;[TCP Retransmission] 50146 → 1883 [PSH, ACK] Seq=1 Ack=1 Win=42340 Len=54;
514;Jan 13, 2022 15:43:04.042555064 CET;192.168.1.104;192.168.1.102;1883;50146;54;1883 → 50146 [ACK] Seq=1 Ack=55 Win=8192 Len=0;
515;Jan 13, 2022 15:43:04.043113945 CET;192.168.1.104;192.168.1.102;1883;50146;58;Connect Ack;
516;Jan 13, 2022 15:43:04.043122320 CET;192.168.1.102;192.168.1.104;50146;1883;54;50146 → 1883 [ACK] Seq=55 Ack=5 Win=42336 Len=0;
517;Jan 13, 2022 15:43:04.043172974 CET;192.168.1.102;192.168.1.104;50146;1883;73;Publish Message [topic];message040
518;Jan 13, 2022 15:43:04.043188438 CET;192.168.1.102;192.168.1.104;50146;1883;56;Disconnect Req;
519;Jan 13, 2022 15:43:04.588560780 CET;192.168.1.102;192.168.1.104;50146;1883;75;[TCP Retransmission] 50146 → 1883 [FIN, PSH, ACK] Seq=55 Ack=5 Win=42336 Len=21;
520;Jan 13, 2022 15:43:04.644908202 CET;192.168.1.104;192.168.1.102;1883;50146;54;1883 → 50146 [FIN, ACK] Seq=5 Ack=77 Win=8192 Len=0;
521;Jan 13, 2022 15:43:04.644931366 CET;192.168.1.102;192.168.1.104;50146;1883;54;50146 → 1883 [ACK] Seq=77 Ack=6 Win=42335 Len=0;
522;Jan 13, 2022 15:43:09.047401277 CET;192.168.1.102;192.168.1.104;50148;1883;74;50148 → 1883 [SYN] Seq=0 Win=42340 Len=0 MSS=1460 SACK_PERM=1 TSval=1797093943 TSecr=0 WS=512;
523;Jan 13, 2022 15:43:09.100549572 CET;192.168.1.104;192.168.1.102;1883;50148;58;1883 → 50148 [SYN, ACK] Seq=0 Ack=1 Win=8192 Len=0 MSS=1460;
524;Jan 13, 2022 15:43:09.100577240 CET;192.168.1.102;192.168.1.104;50148;1883;54;50148 → 1883 [ACK] Seq=1 Ack=1 Win=42340 Len=0;
525;Jan 13, 2022 15:43:09.100618997 CET;192.168.1.102;192.168.1.104;50148;1883;108;Connect Command;
526;Jan 13, 2022 15:43:09.155015792 CET;192.168.1.104;192.168.1.102;1883;50148;54;1883 → 50148 [ACK] Seq=1 Ack=55 Win=8192 Len=0;
527;Jan 13, 2022 15:43:09.157242794 CET;192.168.1.104;192.168.1.102;1883;50148;58;Connect Ack;
528;Jan 13, 2022 15:43:09.157261790 CET;192.168.1.102;192.168.1.104;50148;1883;54;50148 → 1883 [ACK] Seq=55 Ack=5 Win=42336 Len=0;
529;Jan 13, 2022 15:43:09.157310326 CET;192.168.1.102;192.168.1.104;50148;1883;73;Publish Message [topic];message041
530;Jan 13, 2022 15:43:09.157324872 CET;192.168.1.102;192.168.1.104;50148;1883;56;Disconnect Req;
531;Jan 13, 2022 15:43:09.420637326 CET;192.168.1.102;192.168.1.104;50148;1883;75;[TCP Retransmission] 50148 → 1883 [FIN, PSH, ACK] Seq=55 Ack=5 Win=42336 Len=21;
532;Jan 13, 2022 15:43:09.481028030 CET;192.168.1.104;192.168.1.102;1883;50148;54;1883 → 50148 [FIN, ACK] Seq=5 Ack=77 Win=8192 Len=0;
533;Jan 13, 2022 15:43:09.481053495 CET;192.168.1.102;192.168.1.104;50148;1883;54;50148 → 1883 [ACK] Seq=77 Ack=6 Win=42335 Len=0;
534;Jan 13, 2022 15:43:14.170042880 CET;192.168.1.102;192.168.1.104;50150;1883;74;50150 → 1883 [SYN] Seq=0 Win=42340 Len=0 MSS=1460 SACK_PERM=1 TSval=1797099066 TSecr=0 WS=512;
535;Jan 13, 2022 15:43:14.231459015 CET;192.168.1.104;192.168.1.102;1883;50150;58;1883 → 50150 [SYN, ACK] Seq=0 Ack=1 Win=8192 Len=0 MSS=1460;
536;Jan 13, 2022 15:43:14.231489713 CET;192.168.1.102;192.168.1.104;50150;1883;54;50150 → 1883 [ACK] Seq=1 Ack=1 Win=42340 Len=0;
537;Jan 13, 2022 15:43:14.231533769 CET;192.168.1.102;192.168.1.104;50150;1883;108;Connect Command;
538;Jan 13, 2022 15:43:14.508527413 CET;192.168.1.102;192.168.1.104;50150;1883;108;[TCP Retransmission] 50150 → 1883 [PSH, ACK] Seq=1 Ack=1 Win=42340 Len=54;
539;Jan 13, 2022 15:43:14.564572055 CET;192.168.1.104;192.168.1.102;1883;50150;54;1883 → 50150 [ACK] Seq=1 Ack=55 Win=8192 Len=0;
540;Jan 13, 2022 15:43:14.570048530 CET;192.168.1.104;192.168.1.102;1883;50150;58;Connect Ack;
541;Jan 13, 2022 15:43:14.570067703 CET;192.168.1.102;192.168.1.104;50150;1883;54;50150 → 1883 [ACK] Seq=55 Ack=5 Win=42336 Len=0;
542;Jan 13, 2022 15:43:14.570125709 CET;192.168.1.102;192.168.1.104;50150;1883;73;Publish Message [topic];message042
543;Jan 13, 2022 15:43:14.570142747 CET;192.168.1.102;192.168.1.104;50150;1883;56;Disconnect Req;
544;Jan 13, 2022 15:43:15.116517311 CET;192.168.1.102;192.168.1.104;50150;1883;75;[TCP Retransmission] 50150 → 1883 [FIN, PSH, ACK] Seq=55 Ack=5 Win=42336 Len=21;
545;Jan 13, 2022 15:43:15.170745935 CET;192.168.1.104;192.168.1.102;1883;50150;54;1883 → 50150 [FIN, ACK] Seq=5 Ack=77 Win=8192 Len=0;
546;Jan 13, 2022 15:43:15.170769899 CET;192.168.1.102;192.168.1.104;50150;1883;54;50150 → 1883 [ACK] Seq=77 Ack=6 Win=42335 Len=0;
547;Jan 13, 2022 15:43:19.573927976 CET;192.168.1.102;192.168.1.104;50152;1883;74;50152 → 1883 [SYN] Seq=0 Win=42340 Len=0 MSS=1460 SACK_PERM=1 TSval=1797104470 TSecr=0 WS=512;
548;Jan 13, 2022 15:43:19.627573923 CET;192.168.1.104;192.168.1.102;1883;50152;58;1883 → 50152 [SYN, ACK] Seq=0 Ack=1 Win=8192 Len=0 MSS=1460;
549;Jan 13, 2022 15:43:19.627599940 CET;192.168.1.102;192.168.1.104;50152;1883;54;50152 → 1883 [ACK] Seq=1 Ack=1 Win=42340 Len=0;
550;Jan 13, 2022 15:43:19.627637287 CET;192.168.1.102;192.168.1.104;50152;1883;108;Connect Command;
551;Jan 13, 2022 15:43:19.884858409 CET;192.168.1.102;192.168.1.104;50152;1883;108;[TCP Retransmission] 50152 → 1883 [PSH, ACK] Seq=1 Ack=1 Win=42340 Len=54;
552;Jan 13, 2022 15:43:19.938596746 CET;192.168.1.104;192.168.1.102;1883;50152;54;1883 → 50152 [ACK] Seq=1 Ack=55 Win=8192 Len=0;
553;Jan 13, 2022 15:43:19.941301956 CET;192.168.1.104;192.168.1.102;1883;50152;58;Connect Ack;
554;Jan 13, 2022 15:43:19.941312581 CET;192.168.1.102;192.168.1.104;50152;1883;54;50152 → 1883 [ACK] Seq=55 Ack=5 Win=42336 Len=0;
555;Jan 13, 2022 15:43:19.941355441 CET;192.168.1.102;192.168.1.104;50152;1883;73;Publish Message [topic];message043
556;Jan 13, 2022 15:43:19.941386469 CET;192.168.1.102;192.168.1.104;50152;1883;56;Disconnect Req;
557;Jan 13, 2022 15:43:20.460922840 CET;192.168.1.102;192.168.1.104;50152;1883;75;[TCP Retransmission] 50152 → 1883 [FIN, PSH, ACK] Seq=55 Ack=5 Win=42336 Len=21;
558;Jan 13, 2022 15:43:20.517572489 CET;192.168.1.104;192.168.1.102;1883;50152;54;1883 → 50152 [FIN, ACK] Seq=5 Ack=77 Win=8192 Len=0;
559;Jan 13, 2022 15:43:20.517587733 CET;192.168.1.102;192.168.1.104;50152;1883;54;50152 → 1883 [ACK] Seq=77 Ack=6 Win=42335 Len=0;
560;Jan 13, 2022 15:43:24.945520701 CET;192.168.1.102;192.168.1.104;50154;1883;74;50154 → 1883 [SYN] Seq=0 Win=42340 Len=0 MSS=1460 SACK_PERM=1 TSval=1797109841 TSecr=0 WS=512;
561;Jan 13, 2022 15:43:24.999090369 CET;192.168.1.104;192.168.1.102;1883;50154;58;1883 → 50154 [SYN, ACK] Seq=0 Ack=1 Win=8192 Len=0 MSS=1460;
562;Jan 13, 2022 15:43:24.999120546 CET;192.168.1.102;192.168.1.104;50154;1883;54;50154 → 1883 [ACK] Seq=1 Ack=1 Win=42340 Len=0;
563;Jan 13, 2022 15:43:24.999177153 CET;192.168.1.102;192.168.1.104;50154;1883;108;Connect Command;
564;Jan 13, 2022 15:43:25.260940705 CET;192.168.1.102;192.168.1.104;50154;1883;108;[TCP Retransmission] 50154 → 1883 [PSH, ACK] Seq=1 Ack=1 Win=42340 Len=54;
565;Jan 13, 2022 15:43:25.317350570 CET;192.168.1.104;192.168.1.102;1883;50154;54;1883 → 50154 [ACK] Seq=1 Ack=55 Win=8192 Len=0;
566;Jan 13, 2022 15:43:25.323369719 CET;192.168.1.104;192.168.1.102;1883;50154;58;Connect Ack;
567;Jan 13, 2022 15:43:25.323381953 CET;192.168.1.102;192.168.1.104;50154;1883;54;50154 → 1883 [ACK] Seq=55 Ack=5 Win=42336 Len=0;
568;Jan 13, 2022 15:43:25.323419321 CET;192.168.1.102;192.168.1.104;50154;1883;73;Publish Message [topic];message044
569;Jan 13, 2022 15:43:25.323433091 CET;192.168.1.102;192.168.1.104;50154;1883;56;Disconnect Req;
570;Jan 13, 2022 15:43:25.836548569 CET;192.168.1.102;192.168.1.104;50154;1883;75;[TCP Retransmission] 50154 → 1883 [FIN, PSH, ACK] Seq=55 Ack=5 Win=42336 Len=21;
571;Jan 13, 2022 15:43:25.890621556 CET;192.168.1.104;192.168.1.102;1883;50154;54;1883 → 50154 [FIN, ACK] Seq=5 Ack=77 Win=8192 Len=0;
572;Jan 13, 2022 15:43:25.890656020 CET;192.168.1.102;192.168.1.104;50154;1883;54;50154 → 1883 [ACK] Seq=77 Ack=6 Win=42335 Len=0;
573;Jan 13, 2022 15:43:30.331789523 CET;192.168.1.102;192.168.1.104;50156;1883;74;50156 → 1883 [SYN] Seq=0 Win=42340 Len=0 MSS=1460 SACK_PERM=1 TSval=1797115227 TSecr=0 WS=512;
574;Jan 13, 2022 15:43:30.389293777 CET;192.168.1.104;192.168.1.102;1883;50156;58;1883 → 50156 [SYN, ACK] Seq=0 Ack=1 Win=8192 Len=0 MSS=1460;
575;Jan 13, 2022 15:43:30.389331744 CET;192.168.1.102;192.168.1.104;50156;1883;54;50156 → 1883 [ACK] Seq=1 Ack=1 Win=42340 Len=0;
576;Jan 13, 2022 15:43:30.389395369 CET;192.168.1.102;192.168.1.104;50156;1883;108;Connect Command;
577;Jan 13, 2022 15:43:30.668697588 CET;192.168.1.102;192.168.1.104;50156;1883;108;[TCP Retransmission] 50156 → 1883 [PSH, ACK] Seq=1 Ack=1 Win=42340 Len=54;
578;Jan 13, 2022 15:43:30.736562800 CET;192.168.1.104;192.168.1.102;1883;50156;54;1883 → 50156 [ACK] Seq=1 Ack=55 Win=8192 Len=0;
579;Jan 13, 2022 15:43:30.745346241 CET;192.168.1.104;192.168.1.102;1883;50156;58;Connect Ack;
580;Jan 13, 2022 15:43:30.745364816 CET;192.168.1.102;192.168.1.104;50156;1883;54;50156 → 1883 [ACK] Seq=55 Ack=5 Win=42336 Len=0;
581;Jan 13, 2022 15:43:30.745421660 CET;192.168.1.102;192.168.1.104;50156;1883;73;Publish Message [topic];message045
582;Jan 13, 2022 15:43:30.745436790 CET;192.168.1.102;192.168.1.104;50156;1883;56;Disconnect Req;
583;Jan 13, 2022 15:43:31.276619259 CET;192.168.1.102;192.168.1.104;50156;1883;75;[TCP Retransmission] 50156 → 1883 [FIN, PSH, ACK] Seq=55 Ack=5 Win=42336 Len=21;
584;Jan 13, 2022 15:43:31.330007541 CET;192.168.1.104;192.168.1.102;1883;50156;54;1883 → 50156 [FIN, ACK] Seq=5 Ack=77 Win=8192 Len=0;
585;Jan 13, 2022 15:43:31.330036373 CET;192.168.1.102;192.168.1.104;50156;1883;54;50156 → 1883 [ACK] Seq=77 Ack=6 Win=42335 Len=0;
586;Jan 13, 2022 15:43:35.752169658 CET;192.168.1.102;192.168.1.104;50158;1883;74;50158 → 1883 [SYN] Seq=0 Win=42340 Len=0 MSS=1460 SACK_PERM=1 TSval=1797120648 TSecr=0 WS=512;
587;Jan 13, 2022 15:43:35.873078689 CET;192.168.1.104;192.168.1.102;1883;50158;58;1883 → 50158 [SYN, ACK] Seq=0 Ack=1 Win=8192 Len=0 MSS=1460;
588;Jan 13, 2022 15:43:35.873112053 CET;192.168.1.102;192.168.1.104;50158;1883;54;50158 → 1883 [ACK] Seq=1 Ack=1 Win=42340 Len=0;
589;Jan 13, 2022 15:43:35.873325019 CET;192.168.1.102;192.168.1.104;50158;1883;108;Connect Command;
590;Jan 13, 2022 15:43:36.269136526 CET;192.168.1.102;192.168.1.104;50158;1883;108;[TCP Retransmission] 50158 → 1883 [PSH, ACK] Seq=1 Ack=1 Win=42340 Len=54;
591;Jan 13, 2022 15:43:36.341073002 CET;192.168.1.104;192.168.1.102;1883;50158;54;1883 → 50158 [ACK] Seq=1 Ack=55 Win=8192 Len=0;
592;Jan 13, 2022 15:43:36.347647799 CET;192.168.1.104;192.168.1.102;1883;50158;58;Connect Ack;
593;Jan 13, 2022 15:43:36.347667904 CET;192.168.1.102;192.168.1.104;50158;1883;54;50158 → 1883 [ACK] Seq=55 Ack=5 Win=42336 Len=0;
594;Jan 13, 2022 15:43:36.347728279 CET;192.168.1.102;192.168.1.104;50158;1883;73;Publish Message [topic];message046
595;Jan 13, 2022 15:43:36.347745484 CET;192.168.1.102;192.168.1.104;50158;1883;56;Disconnect Req;
596;Jan 13, 2022 15:43:37.100544160 CET;192.168.1.102;192.168.1.104;50158;1883;75;[TCP Retransmission] 50158 → 1883 [FIN, PSH, ACK] Seq=55 Ack=5 Win=42336 Len=21;
597;Jan 13, 2022 15:43:37.166174022 CET;192.168.1.104;192.168.1.102;1883;50158;54;1883 → 50158 [FIN, ACK] Seq=5 Ack=77 Win=8192 Len=0;
598;Jan 13, 2022 15:43:37.166203071 CET;192.168.1.102;192.168.1.104;50158;1883;54;50158 → 1883 [ACK] Seq=77 Ack=6 Win=42335 Len=0;
599;Jan 13, 2022 15:43:41.353358723 CET;192.168.1.102;192.168.1.104;50160;1883;74;50160 → 1883 [SYN] Seq=0 Win=42340 Len=0 MSS=1460 SACK_PERM=1 TSval=1797126249 TSecr=0 WS=512;
600;Jan 13, 2022 15:43:41.409389390 CET;192.168.1.104;192.168.1.102;1883;50160;58;1883 → 50160 [SYN, ACK] Seq=0 Ack=1 Win=8192 Len=0 MSS=1460;
601;Jan 13, 2022 15:43:41.409423334 CET;192.168.1.102;192.168.1.104;50160;1883;54;50160 → 1883 [ACK] Seq=1 Ack=1 Win=42340 Len=0;
602;Jan 13, 2022 15:43:41.409476858 CET;192.168.1.102;192.168.1.104;50160;1883;108;Connect Command;
603;Jan 13, 2022 15:43:41.676521769 CET;192.168.1.102;192.168.1.104;50160;1883;108;[TCP Retransmission] 50160 → 1883 [PSH, ACK] Seq=1 Ack=1 Win=42340 Len=54;
604;Jan 13, 2022 15:43:41.740990268 CET;192.168.1.104;192.168.1.102;1883;50160;54;1883 → 50160 [ACK] Seq=1 Ack=55 Win=8192 Len=0;
605;Jan 13, 2022 15:43:41.747545402 CET;192.168.1.104;192.168.1.102;1883;50160;58;Connect Ack;
606;Jan 13, 2022 15:43:41.747565755 CET;192.168.1.102;192.168.1.104;50160;1883;54;50160 → 1883 [ACK] Seq=55 Ack=5 Win=42336 Len=0;
607;Jan 13, 2022 15:43:41.747633739 CET;192.168.1.102;192.168.1.104;50160;1883;73;Publish Message [topic];message047
608;Jan 13, 2022 15:43:41.747652894 CET;192.168.1.102;192.168.1.104;50160;1883;56;Disconnect Req;
609;Jan 13, 2022 15:43:42.284541795 CET;192.168.1.102;192.168.1.104;50160;1883;75;[TCP Retransmission] 50160 → 1883 [FIN, PSH, ACK] Seq=55 Ack=5 Win=42336 Len=21;
610;Jan 13, 2022 15:43:42.339224139 CET;192.168.1.104;192.168.1.102;1883;50160;54;1883 → 50160 [FIN, ACK] Seq=5 Ack=77 Win=8192 Len=0;
611;Jan 13, 2022 15:43:42.339247589 CET;192.168.1.102;192.168.1.104;50160;1883;54;50160 → 1883 [ACK] Seq=77 Ack=6 Win=42335 Len=0;
612;Jan 13, 2022 15:43:46.752320370 CET;192.168.1.102;192.168.1.104;50162;1883;74;50162 → 1883 [SYN] Seq=0 Win=42340 Len=0 MSS=1460 SACK_PERM=1 TSval=1797131648 TSecr=0 WS=512;
613;Jan 13, 2022 15:43:46.807725933 CET;192.168.1.104;192.168.1.102;1883;50162;58;1883 → 50162 [SYN, ACK] Seq=0 Ack=1 Win=8192 Len=0 MSS=1460;
614;Jan 13, 2022 15:43:46.807754754 CET;192.168.1.102;192.168.1.104;50162;1883;54;50162 → 1883 [ACK] Seq=1 Ack=1 Win=42340 Len=0;
615;Jan 13, 2022 15:43:46.807798106 CET;192.168.1.102;192.168.1.104;50162;1883;108;Connect Command;
616;Jan 13, 2022 15:43:47.084512598 CET;192.168.1.102;192.168.1.104;50162;1883;108;[TCP Retransmission] 50162 → 1883 [PSH, ACK] Seq=1 Ack=1 Win=42340 Len=54;
617;Jan 13, 2022 15:43:47.140466507 CET;192.168.1.104;192.168.1.102;1883;50162;54;1883 → 50162 [ACK] Seq=1 Ack=55 Win=8192 Len=0;
618;Jan 13, 2022 15:43:47.143807556 CET;192.168.1.104;192.168.1.102;1883;50162;58;Connect Ack;
619;Jan 13, 2022 15:43:47.143826290 CET;192.168.1.102;192.168.1.104;50162;1883;54;50162 → 1883 [ACK] Seq=55 Ack=5 Win=42336 Len=0;
620;Jan 13, 2022 15:43:47.143889036 CET;192.168.1.102;192.168.1.104;50162;1883;73;Publish Message [topic];message048
621;Jan 13, 2022 15:43:47.143910898 CET;192.168.1.102;192.168.1.104;50162;1883;56;Disconnect Req;
622;Jan 13, 2022 15:43:47.660539646 CET;192.168.1.102;192.168.1.104;50162;1883;75;[TCP Retransmission] 50162 → 1883 [FIN, PSH, ACK] Seq=55 Ack=5 Win=42336 Len=21;
623;Jan 13, 2022 15:43:47.715365181 CET;192.168.1.104;192.168.1.102;1883;50162;54;1883 → 50162 [FIN, ACK] Seq=5 Ack=77 Win=8192 Len=0;
624;Jan 13, 2022 15:43:47.715394632 CET;192.168.1.102;192.168.1.104;50162;1883;54;50162 → 1883 [ACK] Seq=77 Ack=6 Win=42335 Len=0;
625;Jan 13, 2022 15:43:52.147599884 CET;192.168.1.102;192.168.1.104;50164;1883;74;50164 → 1883 [SYN] Seq=0 Win=42340 Len=0 MSS=1460 SACK_PERM=1 TSval=1797137043 TSecr=0 WS=512;
626;Jan 13, 2022 15:43:52.200549242 CET;192.168.1.104;192.168.1.102;1883;50164;58;1883 → 50164 [SYN, ACK] Seq=0 Ack=1 Win=8192 Len=0 MSS=1460;
627;Jan 13, 2022 15:43:52.200582907 CET;192.168.1.102;192.168.1.104;50164;1883;54;50164 → 1883 [ACK] Seq=1 Ack=1 Win=42340 Len=0;
628;Jan 13, 2022 15:43:52.200632694 CET;192.168.1.102;192.168.1.104;50164;1883;108;Connect Command;
629;Jan 13, 2022 15:43:52.460527150 CET;192.168.1.102;192.168.1.104;50164;1883;108;[TCP Retransmission] 50164 → 1883 [PSH, ACK] Seq=1 Ack=1 Win=42340 Len=54;
630;Jan 13, 2022 15:43:52.514512905 CET;192.168.1.104;192.168.1.102;1883;50164;54;1883 → 50164 [ACK] Seq=1 Ack=55 Win=8192 Len=0;
631;Jan 13, 2022 15:43:52.516616841 CET;192.168.1.104;192.168.1.102;1883;50164;58;Connect Ack;
632;Jan 13, 2022 15:43:52.516626647 CET;192.168.1.102;192.168.1.104;50164;1883;54;50164 → 1883 [ACK] Seq=55 Ack=5 Win=42336 Len=0;
633;Jan 13, 2022 15:43:52.516673801 CET;192.168.1.102;192.168.1.104;50164;1883;73;Publish Message [topic];message049
634;Jan 13, 2022 15:43:52.516688489 CET;192.168.1.102;192.168.1.104;50164;1883;56;Disconnect Req;
635;Jan 13, 2022 15:43:53.036599334 CET;192.168.1.102;192.168.1.104;50164;1883;75;[TCP Retransmission] 50164 → 1883 [FIN, PSH, ACK] Seq=55 Ack=5 Win=42336 Len=21;
636;Jan 13, 2022 15:43:53.099783815 CET;192.168.1.104;192.168.1.102;1883;50164;54;1883 → 50164 [FIN, ACK] Seq=5 Ack=77 Win=8192 Len=0;
637;Jan 13, 2022 15:43:53.099809977 CET;192.168.1.102;192.168.1.104;50164;1883;54;50164 → 1883 [ACK] Seq=77 Ack=6 Win=42335 Len=0;
638;Jan 13, 2022 15:43:57.522357388 CET;192.168.1.102;192.168.1.104;50166;1883;74;50166 → 1883 [SYN] Seq=0 Win=42340 Len=0 MSS=1460 SACK_PERM=1 TSval=1797142418 TSecr=0 WS=512;
639;Jan 13, 2022 15:43:57.575887724 CET;192.168.1.104;192.168.1.102;1883;50166;58;1883 → 50166 [SYN, ACK] Seq=0 Ack=1 Win=8192 Len=0 MSS=1460;
640;Jan 13, 2022 15:43:57.575918644 CET;192.168.1.102;192.168.1.104;50166;1883;54;50166 → 1883 [ACK] Seq=1 Ack=1 Win=42340 Len=0;
641;Jan 13, 2022 15:43:57.575973916 CET;192.168.1.102;192.168.1.104;50166;1883;108;Connect Command;
642;Jan 13, 2022 15:43:57.836631467 CET;192.168.1.102;192.168.1.104;50166;1883;108;[TCP Retransmission] 50166 → 1883 [PSH, ACK] Seq=1 Ack=1 Win=42340 Len=54;
1;Jan 13, 2022 15:39:13.344540394 CET;192.168.1.103;192.168.1.104;46450;1883;66;Subscribe Request (id=1) [topic];
2;Jan 13, 2022 15:39:13.349538267 CET;192.168.1.104;192.168.1.103;1883;46450;54;1883 → 46450 [ACK] Seq=1 Ack=13 Win=8192 Len=0;
3;Jan 13, 2022 15:39:13.351990723 CET;192.168.1.104;192.168.1.103;1883;46450;59;Subscribe Ack (id=1);
4;Jan 13, 2022 15:39:13.352002533 CET;192.168.1.103;192.168.1.104;46450;1883;54;46450 → 1883 [ACK] Seq=13 Ack=6 Win=42331 Len=0;
5;Jan 13, 2022 15:39:18.156809119 CET;192.168.1.103;192.168.1.104;46428;1883;54;46428 → 1883 [FIN, ACK] Seq=1 Ack=1 Win=42331 Len=0;
6;Jan 13, 2022 15:39:39.056271567 CET;192.168.1.104;192.168.1.103;1883;46450;73;Publish Message [topic];message002
7;Jan 13, 2022 15:39:39.056294301 CET;192.168.1.103;192.168.1.104;46450;1883;54;46450 → 1883 [ACK] Seq=13 Ack=25 Win=42312 Len=0;
8;Jan 13, 2022 15:39:39.183770788 CET;192.168.1.104;192.168.1.103;1883;46450;73;Publish Message [topic];message001
9;Jan 13, 2022 15:39:39.183787767 CET;192.168.1.103;192.168.1.104;46450;1883;54;46450 → 1883 [ACK] Seq=13 Ack=44 Win=42293 Len=0;
10;Jan 13, 2022 15:39:44.012616575 CET;192.168.1.103;192.168.1.104;46428;1883;54;[TCP Retransmission] 46428 → 1883 [FIN, ACK] Seq=1 Ack=1 Win=42331 Len=0;
11;Jan 13, 2022 15:39:44.434123147 CET;192.168.1.104;192.168.1.103;1883;46450;73;Publish Message [topic];message003
12;Jan 13, 2022 15:39:44.434141993 CET;192.168.1.103;192.168.1.104;46450;1883;54;46450 → 1883 [ACK] Seq=13 Ack=63 Win=42274 Len=0;
13;Jan 13, 2022 15:39:49.845231910 CET;192.168.1.104;192.168.1.103;1883;46450;73;Publish Message [topic];message004
14;Jan 13, 2022 15:39:49.845252453 CET;192.168.1.103;192.168.1.104;46450;1883;54;46450 → 1883 [ACK] Seq=13 Ack=82 Win=42255 Len=0;
15;Jan 13, 2022 15:39:55.282157877 CET;192.168.1.104;192.168.1.103;1883;46450;73;Publish Message [topic];message005
16;Jan 13, 2022 15:39:55.282179222 CET;192.168.1.103;192.168.1.104;46450;1883;54;46450 → 1883 [ACK] Seq=13 Ack=101 Win=42236 Len=0;
17;Jan 13, 2022 15:40:00.702398397 CET;192.168.1.104;192.168.1.103;1883;46450;73;Publish Message [topic];message006
18;Jan 13, 2022 15:40:00.702422623 CET;192.168.1.103;192.168.1.104;46450;1883;54;46450 → 1883 [ACK] Seq=13 Ack=120 Win=42217 Len=0;
19;Jan 13, 2022 15:40:06.064506718 CET;192.168.1.104;192.168.1.103;1883;46450;73;Publish Message [topic];message007
20;Jan 13, 2022 15:40:06.064570397 CET;192.168.1.103;192.168.1.104;46450;1883;54;46450 → 1883 [ACK] Seq=13 Ack=139 Win=42217 Len=0;
21;Jan 13, 2022 15:40:11.476608741 CET;192.168.1.104;192.168.1.103;1883;46450;73;Publish Message [topic];message008
22;Jan 13, 2022 15:40:11.476630975 CET;192.168.1.103;192.168.1.104;46450;1883;54;46450 → 1883 [ACK] Seq=13 Ack=158 Win=42217 Len=0;
23;Jan 13, 2022 15:40:13.478902581 CET;192.168.1.103;192.168.1.104;46450;1883;56;Ping Request;
24;Jan 13, 2022 15:40:13.482974650 CET;192.168.1.104;192.168.1.103;1883;46450;54;1883 → 46450 [ACK] Seq=158 Ack=15 Win=8192 Len=0;
25;Jan 13, 2022 15:40:13.484922826 CET;192.168.1.104;192.168.1.103;1883;46450;56;Ping Response;
26;Jan 13, 2022 15:40:13.484928845 CET;192.168.1.103;192.168.1.104;46450;1883;54;46450 → 1883 [ACK] Seq=15 Ack=160 Win=42217 Len=0;
27;Jan 13, 2022 15:40:16.893286612 CET;192.168.1.104;192.168.1.103;1883;46450;73;Publish Message [topic];message009
28;Jan 13, 2022 15:40:16.893311570 CET;192.168.1.103;192.168.1.104;46450;1883;54;46450 → 1883 [ACK] Seq=15 Ack=179 Win=42217 Len=0;
29;Jan 13, 2022 15:40:22.335864168 CET;192.168.1.104;192.168.1.103;1883;46450;73;Publish Message [topic];message010
30;Jan 13, 2022 15:40:22.335887024 CET;192.168.1.103;192.168.1.104;46450;1883;54;46450 → 1883 [ACK] Seq=15 Ack=198 Win=42217 Len=0;
31;Jan 13, 2022 15:40:27.745439287 CET;192.168.1.104;192.168.1.103;1883;46450;73;Publish Message [topic];message011
32;Jan 13, 2022 15:40:27.745462382 CET;192.168.1.103;192.168.1.104;46450;1883;54;46450 → 1883 [ACK] Seq=15 Ack=217 Win=42217 Len=0;
33;Jan 13, 2022 15:40:33.150705443 CET;192.168.1.104;192.168.1.103;1883;46450;73;Publish Message [topic];message012
34;Jan 13, 2022 15:40:33.150721037 CET;192.168.1.103;192.168.1.104;46450;1883;54;46450 → 1883 [ACK] Seq=15 Ack=236 Win=42217 Len=0;
35;Jan 13, 2022 15:40:33.164853782 CET;192.168.1.103;192.168.1.104;46428;1883;54;[TCP Retransmission] 46428 → 1883 [FIN, ACK] Seq=1 Ack=1 Win=42331 Len=0;
36;Jan 13, 2022 15:40:38.562726872 CET;192.168.1.104;192.168.1.103;1883;46450;73;Publish Message [topic];message013
37;Jan 13, 2022 15:40:38.562751550 CET;192.168.1.103;192.168.1.104;46450;1883;54;46450 → 1883 [ACK] Seq=15 Ack=255 Win=42217 Len=0;
38;Jan 13, 2022 15:40:43.964501536 CET;192.168.1.104;192.168.1.103;1883;46450;73;Publish Message [topic];message014
39;Jan 13, 2022 15:40:43.964558135 CET;192.168.1.103;192.168.1.104;46450;1883;54;46450 → 1883 [ACK] Seq=15 Ack=274 Win=42217 Len=0;
40;Jan 13, 2022 15:40:49.327712293 CET;192.168.1.104;192.168.1.103;1883;46450;73;Publish Message [topic];message015
41;Jan 13, 2022 15:40:49.327734564 CET;192.168.1.103;192.168.1.104;46450;1883;54;46450 → 1883 [ACK] Seq=15 Ack=293 Win=42217 Len=0;
42;Jan 13, 2022 15:40:54.790420139 CET;192.168.1.104;192.168.1.103;1883;46450;73;Publish Message [topic];message016
43;Jan 13, 2022 15:40:54.790442567 CET;192.168.1.103;192.168.1.104;46450;1883;54;46450 → 1883 [ACK] Seq=15 Ack=312 Win=42217 Len=0;
44;Jan 13, 2022 15:41:00.146757815 CET;192.168.1.104;192.168.1.103;1883;46450;73;Publish Message [topic];message017
45;Jan 13, 2022 15:41:00.146779511 CET;192.168.1.103;192.168.1.104;46450;1883;54;46450 → 1883 [ACK] Seq=15 Ack=331 Win=42217 Len=0;
46;Jan 13, 2022 15:41:05.518801044 CET;192.168.1.104;192.168.1.103;1883;46450;73;Publish Message [topic];message018
47;Jan 13, 2022 15:41:05.518817836 CET;192.168.1.103;192.168.1.104;46450;1883;54;46450 → 1883 [ACK] Seq=15 Ack=350 Win=42217 Len=0;
48;Jan 13, 2022 15:41:10.967096389 CET;192.168.1.104;192.168.1.103;1883;46450;73;Publish Message [topic];message019
49;Jan 13, 2022 15:41:10.967116455 CET;192.168.1.103;192.168.1.104;46450;1883;54;46450 → 1883 [ACK] Seq=15 Ack=369 Win=42217 Len=0;
50;Jan 13, 2022 15:41:13.970323907 CET;192.168.1.103;192.168.1.104;46450;1883;56;Ping Request;
51;Jan 13, 2022 15:41:13.980882282 CET;192.168.1.104;192.168.1.103;1883;46450;54;1883 → 46450 [ACK] Seq=369 Ack=17 Win=8192 Len=0;
52;Jan 13, 2022 15:41:13.983008806 CET;192.168.1.104;192.168.1.103;1883;46450;56;Ping Response;
53;Jan 13, 2022 15:41:13.983015210 CET;192.168.1.103;192.168.1.104;46450;1883;54;46450 → 1883 [ACK] Seq=17 Ack=371 Win=42217 Len=0;
54;Jan 13, 2022 15:41:16.334573144 CET;192.168.1.104;192.168.1.103;1883;46450;73;Publish Message [topic];message020
55;Jan 13, 2022 15:41:16.334599381 CET;192.168.1.103;192.168.1.104;46450;1883;54;46450 → 1883 [ACK] Seq=17 Ack=390 Win=42217 Len=0;
56;Jan 13, 2022 15:41:21.789326375 CET;192.168.1.104;192.168.1.103;1883;46450;73;Publish Message [topic];message021
57;Jan 13, 2022 15:41:21.789349347 CET;192.168.1.103;192.168.1.104;46450;1883;54;46450 → 1883 [ACK] Seq=17 Ack=409 Win=42217 Len=0;
58;Jan 13, 2022 15:41:27.191126948 CET;192.168.1.104;192.168.1.103;1883;46450;73;Publish Message [topic];message022
59;Jan 13, 2022 15:41:27.191149385 CET;192.168.1.103;192.168.1.104;46450;1883;54;46450 → 1883 [ACK] Seq=17 Ack=428 Win=42217 Len=0;
60;Jan 13, 2022 15:41:32.898873733 CET;192.168.1.104;192.168.1.103;1883;46450;73;Publish Message [topic];message023
61;Jan 13, 2022 15:41:32.898902373 CET;192.168.1.103;192.168.1.104;46450;1883;54;46450 → 1883 [ACK] Seq=17 Ack=447 Win=42217 Len=0;
62;Jan 13, 2022 15:41:38.136218094 CET;192.168.1.104;192.168.1.103;1883;46450;73;Publish Message [topic];message024
63;Jan 13, 2022 15:41:38.136239539 CET;192.168.1.103;192.168.1.104;46450;1883;54;46450 → 1883 [ACK] Seq=17 Ack=466 Win=42217 Len=0;
64;Jan 13, 2022 15:41:43.503765354 CET;192.168.1.104;192.168.1.103;1883;46450;73;Publish Message [topic];message025
65;Jan 13, 2022 15:41:43.503785280 CET;192.168.1.103;192.168.1.104;46450;1883;54;46450 → 1883 [ACK] Seq=17 Ack=485 Win=42217 Len=0;
66;Jan 13, 2022 15:41:48.948443847 CET;192.168.1.104;192.168.1.103;1883;46450;73;Publish Message [topic];message026
67;Jan 13, 2022 15:41:48.948469576 CET;192.168.1.103;192.168.1.104;46450;1883;54;46450 → 1883 [ACK] Seq=17 Ack=504 Win=42217 Len=0;
68;Jan 13, 2022 15:41:54.315810387 CET;192.168.1.104;192.168.1.103;1883;46450;73;Publish Message [topic];message027
69;Jan 13, 2022 15:41:54.315823201 CET;192.168.1.103;192.168.1.104;46450;1883;54;46450 → 1883 [ACK] Seq=17 Ack=523 Win=42217 Len=0;
70;Jan 13, 2022 15:41:59.727890191 CET;192.168.1.104;192.168.1.103;1883;46450;73;Publish Message [topic];message028
71;Jan 13, 2022 15:41:59.727909999 CET;192.168.1.103;192.168.1.104;46450;1883;54;46450 → 1883 [ACK] Seq=17 Ack=542 Win=42217 Len=0;
72;Jan 13, 2022 15:42:05.140888152 CET;192.168.1.104;192.168.1.103;1883;46450;73;Publish Message [topic];message029
73;Jan 13, 2022 15:42:05.140909375 CET;192.168.1.103;192.168.1.104;46450;1883;54;46450 → 1883 [ACK] Seq=17 Ack=561 Win=42217 Len=0;
74;Jan 13, 2022 15:42:10.543097819 CET;192.168.1.104;192.168.1.103;1883;46450;73;Publish Message [topic];message030
75;Jan 13, 2022 15:42:10.543115820 CET;192.168.1.103;192.168.1.104;46450;1883;54;46450 → 1883 [ACK] Seq=17 Ack=580 Win=42217 Len=0;
76;Jan 13, 2022 15:42:13.546078451 CET;192.168.1.103;192.168.1.104;46450;1883;56;Ping Request;
77;Jan 13, 2022 15:42:13.559319992 CET;192.168.1.104;192.168.1.103;1883;46450;54;1883 → 46450 [ACK] Seq=580 Ack=19 Win=8192 Len=0;
78;Jan 13, 2022 15:42:13.565257121 CET;192.168.1.104;192.168.1.103;1883;46450;56;Ping Response;
79;Jan 13, 2022 15:42:13.565270205 CET;192.168.1.103;192.168.1.104;46450;1883;54;46450 → 1883 [ACK] Seq=19 Ack=582 Win=42217 Len=0;
80;Jan 13, 2022 15:42:15.947734424 CET;192.168.1.104;192.168.1.103;1883;46450;73;Publish Message [topic];message031
81;Jan 13, 2022 15:42:15.947749565 CET;192.168.1.103;192.168.1.104;46450;1883;54;46450 → 1883 [ACK] Seq=19 Ack=601 Win=42217 Len=0;
82;Jan 13, 2022 15:42:21.359230547 CET;192.168.1.104;192.168.1.103;1883;46450;73;Publish Message [topic];message032
83;Jan 13, 2022 15:42:21.359247982 CET;192.168.1.103;192.168.1.104;46450;1883;54;46450 → 1883 [ACK] Seq=19 Ack=620 Win=42217 Len=0;
84;Jan 13, 2022 15:42:26.746096000 CET;192.168.1.104;192.168.1.103;1883;46450;73;Publish Message [topic];message033
85;Jan 13, 2022 15:42:26.746113878 CET;192.168.1.103;192.168.1.104;46450;1883;54;46450 → 1883 [ACK] Seq=19 Ack=639 Win=42217 Len=0;
86;Jan 13, 2022 15:42:32.157122455 CET;192.168.1.104;192.168.1.103;1883;46450;73;Publish Message [topic];message034
87;Jan 13, 2022 15:42:32.157141447 CET;192.168.1.103;192.168.1.104;46450;1883;54;46450 → 1883 [ACK] Seq=19 Ack=658 Win=42217 Len=0;
88;Jan 13, 2022 15:42:37.555480157 CET;192.168.1.104;192.168.1.103;1883;46450;73;Publish Message [topic];message035
89;Jan 13, 2022 15:42:37.555494207 CET;192.168.1.103;192.168.1.104;46450;1883;54;46450 → 1883 [ACK] Seq=19 Ack=677 Win=42217 Len=0;
90;Jan 13, 2022 15:42:42.991579751 CET;192.168.1.104;192.168.1.103;1883;46450;73;Publish Message [topic];message036
91;Jan 13, 2022 15:42:42.991599875 CET;192.168.1.103;192.168.1.104;46450;1883;54;46450 → 1883 [ACK] Seq=19 Ack=696 Win=42217 Len=0;
92;Jan 13, 2022 15:42:48.399542195 CET;192.168.1.104;192.168.1.103;1883;46450;73;Publish Message [topic];message037
93;Jan 13, 2022 15:42:48.399562566 CET;192.168.1.103;192.168.1.104;46450;1883;54;46450 → 1883 [ACK] Seq=19 Ack=715 Win=42217 Len=0;
94;Jan 13, 2022 15:42:53.809415972 CET;192.168.1.104;192.168.1.103;1883;46450;73;Publish Message [topic];message038
95;Jan 13, 2022 15:42:53.809434834 CET;192.168.1.103;192.168.1.104;46450;1883;54;46450 → 1883 [ACK] Seq=19 Ack=734 Win=42217 Len=0;
96;Jan 13, 2022 15:42:59.198766685 CET;192.168.1.104;192.168.1.103;1883;46450;73;Publish Message [topic];message039
97;Jan 13, 2022 15:42:59.198784772 CET;192.168.1.103;192.168.1.104;46450;1883;54;46450 → 1883 [ACK] Seq=19 Ack=753 Win=42217 Len=0;
98;Jan 13, 2022 15:43:04.624382738 CET;192.168.1.104;192.168.1.103;1883;46450;73;Publish Message [topic];message040
99;Jan 13, 2022 15:43:04.624401950 CET;192.168.1.103;192.168.1.104;46450;1883;54;46450 → 1883 [ACK] Seq=19 Ack=772 Win=42217 Len=0;
100;Jan 13, 2022 15:43:09.459738843 CET;192.168.1.104;192.168.1.103;1883;46450;73;Publish Message [topic];message041
101;Jan 13, 2022 15:43:09.459755231 CET;192.168.1.103;192.168.1.104;46450;1883;54;46450 → 1883 [ACK] Seq=19 Ack=791 Win=42217 Len=0;
102;Jan 13, 2022 15:43:13.463374218 CET;192.168.1.103;192.168.1.104;46450;1883;56;Ping Request;
103;Jan 13, 2022 15:43:13.467184816 CET;192.168.1.104;192.168.1.103;1883;46450;54;1883 → 46450 [ACK] Seq=791 Ack=21 Win=8192 Len=0;
104;Jan 13, 2022 15:43:13.469926871 CET;192.168.1.104;192.168.1.103;1883;46450;56;Ping Response;
105;Jan 13, 2022 15:43:13.469935308 CET;192.168.1.103;192.168.1.104;46450;1883;54;46450 → 1883 [ACK] Seq=21 Ack=793 Win=42217 Len=0;
106;Jan 13, 2022 15:43:15.153677944 CET;192.168.1.104;192.168.1.103;1883;46450;73;Publish Message [topic];message042
107;Jan 13, 2022 15:43:15.153687541 CET;192.168.1.103;192.168.1.104;46450;1883;54;46450 → 1883 [ACK] Seq=21 Ack=812 Win=42217 Len=0;
108;Jan 13, 2022 15:43:20.495430276 CET;192.168.1.104;192.168.1.103;1883;46450;73;Publish Message [topic];message043
109;Jan 13, 2022 15:43:20.495446252 CET;192.168.1.103;192.168.1.104;46450;1883;54;46450 → 1883 [ACK] Seq=21 Ack=831 Win=42217 Len=0;
110;Jan 13, 2022 15:43:25.870938133 CET;192.168.1.104;192.168.1.103;1883;46450;73;Publish Message [topic];message044
111;Jan 13, 2022 15:43:25.870958474 CET;192.168.1.103;192.168.1.104;46450;1883;54;46450 → 1883 [ACK] Seq=21 Ack=850 Win=42217 Len=0;
112;Jan 13, 2022 15:43:31.308270593 CET;192.168.1.104;192.168.1.103;1883;46450;73;Publish Message [topic];message045
113;Jan 13, 2022 15:43:31.308284895 CET;192.168.1.103;192.168.1.104;46450;1883;54;46450 → 1883 [ACK] Seq=21 Ack=869 Win=42217 Len=0;
114;Jan 13, 2022 15:43:37.150912845 CET;192.168.1.104;192.168.1.103;1883;46450;73;Publish Message [topic];message046
115;Jan 13, 2022 15:43:37.150937486 CET;192.168.1.103;192.168.1.104;46450;1883;54;46450 → 1883 [ACK] Seq=21 Ack=888 Win=42217 Len=0;
116;Jan 13, 2022 15:43:42.317771278 CET;192.168.1.104;192.168.1.103;1883;46450;73;Publish Message [topic];message047
117;Jan 13, 2022 15:43:42.317785702 CET;192.168.1.103;192.168.1.104;46450;1883;54;46450 → 1883 [ACK] Seq=21 Ack=907 Win=42217 Len=0;
118;Jan 13, 2022 15:43:47.696708171 CET;192.168.1.104;192.168.1.103;1883;46450;73;Publish Message [topic];message048
119;Jan 13, 2022 15:43:47.696728079 CET;192.168.1.103;192.168.1.104;46450;1883;54;46450 → 1883 [ACK] Seq=21 Ack=926 Win=42217 Len=0;
120;Jan 13, 2022 15:43:53.080834883 CET;192.168.1.104;192.168.1.103;1883;46450;73;Publish Message [topic];message049
121;Jan 13, 2022 15:43:53.080854061 CET;192.168.1.103;192.168.1.104;46450;1883;54;46450 → 1883 [ACK] Seq=21 Ack=945 Win=42217 Len=0;
