1;Jan 13, 2022 19:05:42.025015962 CET;192.168.1.102;192.168.1.101;54100;1883;74;54100 → 1883 [SYN] Seq=0 Win=42340 Len=0 MSS=1460 SACK_PERM=1 TSval=3424255916 TSecr=0 WS=512;
2;Jan 13, 2022 19:05:42.039271449 CET;192.168.1.101;192.168.1.102;1883;54100;58;1883 → 54100 [SYN, ACK] Seq=0 Ack=1 Win=8192 Len=0 MSS=1460;
3;Jan 13, 2022 19:05:42.039287851 CET;192.168.1.102;192.168.1.101;54100;1883;54;54100 → 1883 [ACK] Seq=1 Ack=1 Win=42340 Len=0;
4;Jan 13, 2022 19:05:42.039355114 CET;192.168.1.102;192.168.1.101;54100;1883;108;Connect Command;
5;Jan 13, 2022 19:05:42.256603000 CET;192.168.1.102;192.168.1.101;54100;1883;108;[TCP Retransmission] 54100 → 1883 [PSH, ACK] Seq=1 Ack=1 Win=42340 Len=54;
6;Jan 13, 2022 19:05:42.275186523 CET;192.168.1.101;192.168.1.102;1883;54100;54;1883 → 54100 [ACK] Seq=1 Ack=55 Win=8192 Len=0;
7;Jan 13, 2022 19:05:42.280637859 CET;192.168.1.101;192.168.1.102;1883;54100;58;Connect Ack;
8;Jan 13, 2022 19:05:42.280656517 CET;192.168.1.102;192.168.1.101;54100;1883;54;54100 → 1883 [ACK] Seq=55 Ack=5 Win=42336 Len=0;
9;Jan 13, 2022 19:05:42.280732440 CET;192.168.1.102;192.168.1.101;54100;1883;73;Publish Message [topic];message001
10;Jan 13, 2022 19:05:42.280761340 CET;192.168.1.102;192.168.1.101;54100;1883;56;Disconnect Req;
11;Jan 13, 2022 19:05:42.732664171 CET;192.168.1.102;192.168.1.101;54100;1883;75;[TCP Retransmission] 54100 → 1883 [FIN, PSH, ACK] Seq=55 Ack=5 Win=42336 Len=21;
12;Jan 13, 2022 19:05:42.751370996 CET;192.168.1.101;192.168.1.102;1883;54100;54;1883 → 54100 [FIN, ACK] Seq=5 Ack=77 Win=8192 Len=0;
13;Jan 13, 2022 19:05:42.751440520 CET;192.168.1.102;192.168.1.101;54100;1883;54;54100 → 1883 [ACK] Seq=77 Ack=6 Win=42335 Len=0;
14;Jan 13, 2022 19:05:52.288759641 CET;192.168.1.102;192.168.1.101;54102;1883;74;54102 → 1883 [SYN] Seq=0 Win=42340 Len=0 MSS=1460 SACK_PERM=1 TSval=3424266179 TSecr=0 WS=512;
15;Jan 13, 2022 19:05:52.292988173 CET;192.168.1.101;192.168.1.102;1883;54102;58;1883 → 54102 [SYN, ACK] Seq=0 Ack=1 Win=8192 Len=0 MSS=1460;
16;Jan 13, 2022 19:05:52.293027474 CET;192.168.1.102;192.168.1.101;54102;1883;54;54102 → 1883 [ACK] Seq=1 Ack=1 Win=42340 Len=0;
17;Jan 13, 2022 19:05:52.294895111 CET;192.168.1.102;192.168.1.101;54102;1883;108;Connect Command;
18;Jan 13, 2022 19:05:52.298984338 CET;192.168.1.101;192.168.1.102;1883;54102;54;1883 → 54102 [ACK] Seq=1 Ack=55 Win=8192 Len=0;
19;Jan 13, 2022 19:05:52.301503798 CET;192.168.1.101;192.168.1.102;1883;54102;58;Connect Ack;
20;Jan 13, 2022 19:05:52.301514019 CET;192.168.1.102;192.168.1.101;54102;1883;54;54102 → 1883 [ACK] Seq=55 Ack=5 Win=42336 Len=0;
21;Jan 13, 2022 19:05:52.301562512 CET;192.168.1.102;192.168.1.101;54102;1883;73;Publish Message [topic];message002
22;Jan 13, 2022 19:05:52.301579793 CET;192.168.1.102;192.168.1.101;54102;1883;56;Disconnect Req;
23;Jan 13, 2022 19:05:52.512514796 CET;192.168.1.102;192.168.1.101;54102;1883;75;[TCP Retransmission] 54102 → 1883 [FIN, PSH, ACK] Seq=55 Ack=5 Win=42336 Len=21;
24;Jan 13, 2022 19:05:52.515523414 CET;192.168.1.101;192.168.1.102;1883;54102;54;1883 → 54102 [FIN, ACK] Seq=5 Ack=77 Win=8192 Len=0;
25;Jan 13, 2022 19:05:52.515532449 CET;192.168.1.102;192.168.1.101;54102;1883;54;54102 → 1883 [ACK] Seq=77 Ack=6 Win=42335 Len=0;
26;Jan 13, 2022 19:06:02.306408577 CET;192.168.1.102;192.168.1.101;54104;1883;74;54104 → 1883 [SYN] Seq=0 Win=42340 Len=0 MSS=1460 SACK_PERM=1 TSval=3424276197 TSecr=0 WS=512;
27;Jan 13, 2022 19:06:02.310566110 CET;192.168.1.101;192.168.1.102;1883;54104;58;1883 → 54104 [SYN, ACK] Seq=0 Ack=1 Win=8192 Len=0 MSS=1460;
28;Jan 13, 2022 19:06:02.310585429 CET;192.168.1.102;192.168.1.101;54104;1883;54;54104 → 1883 [ACK] Seq=1 Ack=1 Win=42340 Len=0;
29;Jan 13, 2022 19:06:02.310626852 CET;192.168.1.102;192.168.1.101;54104;1883;108;Connect Command;
30;Jan 13, 2022 19:06:02.520710841 CET;192.168.1.102;192.168.1.101;54104;1883;108;[TCP Retransmission] 54104 → 1883 [PSH, ACK] Seq=1 Ack=1 Win=42340 Len=54;
31;Jan 13, 2022 19:06:02.530170122 CET;192.168.1.101;192.168.1.102;1883;54104;54;1883 → 54104 [ACK] Seq=1 Ack=55 Win=8192 Len=0;
32;Jan 13, 2022 19:06:02.533213015 CET;192.168.1.101;192.168.1.102;1883;54104;58;Connect Ack;
33;Jan 13, 2022 19:06:02.533229591 CET;192.168.1.102;192.168.1.101;54104;1883;54;54104 → 1883 [ACK] Seq=55 Ack=5 Win=42336 Len=0;
34;Jan 13, 2022 19:06:02.533310428 CET;192.168.1.102;192.168.1.101;54104;1883;73;Publish Message [topic];message003
35;Jan 13, 2022 19:06:02.533330746 CET;192.168.1.102;192.168.1.101;54104;1883;56;Disconnect Req;
36;Jan 13, 2022 19:06:02.956623861 CET;192.168.1.102;192.168.1.101;54104;1883;75;[TCP Retransmission] 54104 → 1883 [FIN, PSH, ACK] Seq=55 Ack=5 Win=42336 Len=21;
37;Jan 13, 2022 19:06:02.973994059 CET;192.168.1.101;192.168.1.102;1883;54104;54;1883 → 54104 [FIN, ACK] Seq=5 Ack=77 Win=8192 Len=0;
38;Jan 13, 2022 19:06:02.974030156 CET;192.168.1.102;192.168.1.101;54104;1883;54;54104 → 1883 [ACK] Seq=77 Ack=6 Win=42335 Len=0;
39;Jan 13, 2022 19:06:12.538088677 CET;192.168.1.102;192.168.1.101;54106;1883;74;54106 → 1883 [SYN] Seq=0 Win=42340 Len=0 MSS=1460 SACK_PERM=1 TSval=3424286429 TSecr=0 WS=512;
40;Jan 13, 2022 19:06:12.541782953 CET;192.168.1.101;192.168.1.102;1883;54106;58;1883 → 54106 [SYN, ACK] Seq=0 Ack=1 Win=8192 Len=0 MSS=1460;
41;Jan 13, 2022 19:06:12.541799710 CET;192.168.1.102;192.168.1.101;54106;1883;54;54106 → 1883 [ACK] Seq=1 Ack=1 Win=42340 Len=0;
42;Jan 13, 2022 19:06:12.541950194 CET;192.168.1.102;192.168.1.101;54106;1883;108;Connect Command;
43;Jan 13, 2022 19:06:12.748654591 CET;192.168.1.102;192.168.1.101;54106;1883;108;[TCP Retransmission] 54106 → 1883 [PSH, ACK] Seq=1 Ack=1 Win=42340 Len=54;
44;Jan 13, 2022 19:06:12.767563520 CET;192.168.1.101;192.168.1.102;1883;54106;54;1883 → 54106 [ACK] Seq=1 Ack=55 Win=8192 Len=0;
45;Jan 13, 2022 19:06:12.774414121 CET;192.168.1.101;192.168.1.102;1883;54106;58;Connect Ack;
46;Jan 13, 2022 19:06:12.774437587 CET;192.168.1.102;192.168.1.101;54106;1883;54;54106 → 1883 [ACK] Seq=55 Ack=5 Win=42336 Len=0;
47;Jan 13, 2022 19:06:12.774517682 CET;192.168.1.102;192.168.1.101;54106;1883;73;Publish Message [topic];message004
48;Jan 13, 2022 19:06:12.774551314 CET;192.168.1.102;192.168.1.101;54106;1883;56;Disconnect Req;
49;Jan 13, 2022 19:06:13.196713668 CET;192.168.1.102;192.168.1.101;54106;1883;75;[TCP Retransmission] 54106 → 1883 [FIN, PSH, ACK] Seq=55 Ack=5 Win=42336 Len=21;
50;Jan 13, 2022 19:06:13.209381501 CET;192.168.1.101;192.168.1.102;1883;54106;54;1883 → 54106 [FIN, ACK] Seq=5 Ack=77 Win=8192 Len=0;
51;Jan 13, 2022 19:06:13.209407625 CET;192.168.1.102;192.168.1.101;54106;1883;54;54106 → 1883 [ACK] Seq=77 Ack=6 Win=42335 Len=0;
52;Jan 13, 2022 19:06:22.788074212 CET;192.168.1.102;192.168.1.101;54108;1883;74;54108 → 1883 [SYN] Seq=0 Win=42340 Len=0 MSS=1460 SACK_PERM=1 TSval=3424296679 TSecr=0 WS=512;
53;Jan 13, 2022 19:06:22.803012991 CET;192.168.1.101;192.168.1.102;1883;54108;58;1883 → 54108 [SYN, ACK] Seq=0 Ack=1 Win=8192 Len=0 MSS=1460;
54;Jan 13, 2022 19:06:22.803050521 CET;192.168.1.102;192.168.1.101;54108;1883;54;54108 → 1883 [ACK] Seq=1 Ack=1 Win=42340 Len=0;
55;Jan 13, 2022 19:06:22.803127597 CET;192.168.1.102;192.168.1.101;54108;1883;108;Connect Command;
56;Jan 13, 2022 19:06:23.021176584 CET;192.168.1.102;192.168.1.101;54108;1883;108;[TCP Retransmission] 54108 → 1883 [PSH, ACK] Seq=1 Ack=1 Win=42340 Len=54;
57;Jan 13, 2022 19:06:23.040670871 CET;192.168.1.101;192.168.1.102;1883;54108;54;1883 → 54108 [ACK] Seq=1 Ack=55 Win=8192 Len=0;
58;Jan 13, 2022 19:06:23.048769663 CET;192.168.1.101;192.168.1.102;1883;54108;58;Connect Ack;
59;Jan 13, 2022 19:06:23.048792109 CET;192.168.1.102;192.168.1.101;54108;1883;54;54108 → 1883 [ACK] Seq=55 Ack=5 Win=42336 Len=0;
60;Jan 13, 2022 19:06:23.048871806 CET;192.168.1.102;192.168.1.101;54108;1883;73;Publish Message [topic];message005
61;Jan 13, 2022 19:06:23.048903860 CET;192.168.1.102;192.168.1.101;54108;1883;56;Disconnect Req;
62;Jan 13, 2022 19:06:23.500605770 CET;192.168.1.102;192.168.1.101;54108;1883;75;[TCP Retransmission] 54108 → 1883 [FIN, PSH, ACK] Seq=55 Ack=5 Win=42336 Len=21;
63;Jan 13, 2022 19:06:23.512884839 CET;192.168.1.101;192.168.1.102;1883;54108;54;1883 → 54108 [FIN, ACK] Seq=5 Ack=77 Win=8192 Len=0;
64;Jan 13, 2022 19:06:23.512921420 CET;192.168.1.102;192.168.1.101;54108;1883;54;54108 → 1883 [ACK] Seq=77 Ack=6 Win=42335 Len=0;
65;Jan 13, 2022 19:06:33.053507525 CET;192.168.1.102;192.168.1.101;54110;1883;74;54110 → 1883 [SYN] Seq=0 Win=42340 Len=0 MSS=1460 SACK_PERM=1 TSval=3424306944 TSecr=0 WS=512;
66;Jan 13, 2022 19:06:33.057142841 CET;192.168.1.101;192.168.1.102;1883;54110;58;1883 → 54110 [SYN, ACK] Seq=0 Ack=1 Win=8192 Len=0 MSS=1460;
67;Jan 13, 2022 19:06:33.057158067 CET;192.168.1.102;192.168.1.101;54110;1883;54;54110 → 1883 [ACK] Seq=1 Ack=1 Win=42340 Len=0;
68;Jan 13, 2022 19:06:33.057304926 CET;192.168.1.102;192.168.1.101;54110;1883;108;Connect Command;
69;Jan 13, 2022 19:06:33.264577639 CET;192.168.1.102;192.168.1.101;54110;1883;108;[TCP Retransmission] 54110 → 1883 [PSH, ACK] Seq=1 Ack=1 Win=42340 Len=54;
70;Jan 13, 2022 19:06:33.270760621 CET;192.168.1.101;192.168.1.102;1883;54110;54;1883 → 54110 [ACK] Seq=1 Ack=55 Win=8192 Len=0;
71;Jan 13, 2022 19:06:33.274063837 CET;192.168.1.101;192.168.1.102;1883;54110;58;Connect Ack;
72;Jan 13, 2022 19:06:33.274083556 CET;192.168.1.102;192.168.1.101;54110;1883;54;54110 → 1883 [ACK] Seq=55 Ack=5 Win=42336 Len=0;
73;Jan 13, 2022 19:06:33.274155231 CET;192.168.1.102;192.168.1.101;54110;1883;73;Publish Message [topic];message006
74;Jan 13, 2022 19:06:33.274180112 CET;192.168.1.102;192.168.1.101;54110;1883;56;Disconnect Req;
75;Jan 13, 2022 19:06:33.708578711 CET;192.168.1.102;192.168.1.101;54110;1883;75;[TCP Retransmission] 54110 → 1883 [FIN, PSH, ACK] Seq=55 Ack=5 Win=42336 Len=21;
76;Jan 13, 2022 19:06:33.713890403 CET;192.168.1.101;192.168.1.102;1883;54110;54;1883 → 54110 [FIN, ACK] Seq=5 Ack=77 Win=8192 Len=0;
77;Jan 13, 2022 19:06:33.713922904 CET;192.168.1.102;192.168.1.101;54110;1883;54;54110 → 1883 [ACK] Seq=77 Ack=6 Win=42335 Len=0;
78;Jan 13, 2022 19:06:43.280495241 CET;192.168.1.102;192.168.1.101;54112;1883;74;54112 → 1883 [SYN] Seq=0 Win=42340 Len=0 MSS=1460 SACK_PERM=1 TSval=3424317171 TSecr=0 WS=512;
79;Jan 13, 2022 19:06:43.284421083 CET;192.168.1.101;192.168.1.102;1883;54112;58;1883 → 54112 [SYN, ACK] Seq=0 Ack=1 Win=8192 Len=0 MSS=1460;
80;Jan 13, 2022 19:06:43.284438691 CET;192.168.1.102;192.168.1.101;54112;1883;54;54112 → 1883 [ACK] Seq=1 Ack=1 Win=42340 Len=0;
81;Jan 13, 2022 19:06:43.285764387 CET;192.168.1.102;192.168.1.101;54112;1883;108;Connect Command;
82;Jan 13, 2022 19:06:43.492622199 CET;192.168.1.102;192.168.1.101;54112;1883;108;[TCP Retransmission] 54112 → 1883 [PSH, ACK] Seq=1 Ack=1 Win=42340 Len=54;
83;Jan 13, 2022 19:06:43.512630284 CET;192.168.1.101;192.168.1.102;1883;54112;54;1883 → 54112 [ACK] Seq=1 Ack=55 Win=8192 Len=0;
84;Jan 13, 2022 19:06:43.517268073 CET;192.168.1.101;192.168.1.102;1883;54112;58;Connect Ack;
85;Jan 13, 2022 19:06:43.517282674 CET;192.168.1.102;192.168.1.101;54112;1883;54;54112 → 1883 [ACK] Seq=55 Ack=5 Win=42336 Len=0;
86;Jan 13, 2022 19:06:43.517360738 CET;192.168.1.102;192.168.1.101;54112;1883;73;Publish Message [topic];message007
87;Jan 13, 2022 19:06:43.517393499 CET;192.168.1.102;192.168.1.101;54112;1883;56;Disconnect Req;
88;Jan 13, 2022 19:06:43.954803940 CET;192.168.1.102;192.168.1.101;54112;1883;75;[TCP Retransmission] 54112 → 1883 [FIN, PSH, ACK] Seq=55 Ack=5 Win=42336 Len=21;
89;Jan 13, 2022 19:06:43.958116323 CET;192.168.1.101;192.168.1.102;1883;54112;54;1883 → 54112 [FIN, ACK] Seq=5 Ack=77 Win=8192 Len=0;
90;Jan 13, 2022 19:06:43.958143698 CET;192.168.1.102;192.168.1.101;54112;1883;54;54112 → 1883 [ACK] Seq=77 Ack=6 Win=42335 Len=0;
91;Jan 13, 2022 19:06:53.526417948 CET;192.168.1.102;192.168.1.101;54114;1883;74;54114 → 1883 [SYN] Seq=0 Win=42340 Len=0 MSS=1460 SACK_PERM=1 TSval=3424327417 TSecr=0 WS=512;
92;Jan 13, 2022 19:06:53.535040849 CET;192.168.1.101;192.168.1.102;1883;54114;58;1883 → 54114 [SYN, ACK] Seq=0 Ack=1 Win=8192 Len=0 MSS=1460;
93;Jan 13, 2022 19:06:53.535077088 CET;192.168.1.102;192.168.1.101;54114;1883;54;54114 → 1883 [ACK] Seq=1 Ack=1 Win=42340 Len=0;
94;Jan 13, 2022 19:06:53.535142114 CET;192.168.1.102;192.168.1.101;54114;1883;108;Connect Command;
95;Jan 13, 2022 19:06:53.749076287 CET;192.168.1.102;192.168.1.101;54114;1883;108;[TCP Retransmission] 54114 → 1883 [PSH, ACK] Seq=1 Ack=1 Win=42340 Len=54;
96;Jan 13, 2022 19:06:53.753682055 CET;192.168.1.101;192.168.1.102;1883;54114;54;1883 → 54114 [ACK] Seq=1 Ack=55 Win=8192 Len=0;
97;Jan 13, 2022 19:06:53.756284806 CET;192.168.1.101;192.168.1.102;1883;54114;58;Connect Ack;
98;Jan 13, 2022 19:06:53.756295166 CET;192.168.1.102;192.168.1.101;54114;1883;54;54114 → 1883 [ACK] Seq=55 Ack=5 Win=42336 Len=0;
99;Jan 13, 2022 19:06:53.756349456 CET;192.168.1.102;192.168.1.101;54114;1883;73;Publish Message [topic];message008
100;Jan 13, 2022 19:06:53.756368941 CET;192.168.1.102;192.168.1.101;54114;1883;56;Disconnect Req;
101;Jan 13, 2022 19:06:54.188671698 CET;192.168.1.102;192.168.1.101;54114;1883;75;[TCP Retransmission] 54114 → 1883 [FIN, PSH, ACK] Seq=55 Ack=5 Win=42336 Len=21;
102;Jan 13, 2022 19:06:54.208400009 CET;192.168.1.101;192.168.1.102;1883;54114;54;1883 → 54114 [FIN, ACK] Seq=5 Ack=77 Win=8192 Len=0;
103;Jan 13, 2022 19:06:54.208434433 CET;192.168.1.102;192.168.1.101;54114;1883;54;54114 → 1883 [ACK] Seq=77 Ack=6 Win=42335 Len=0;
104;Jan 13, 2022 19:07:03.768695440 CET;192.168.1.102;192.168.1.101;54116;1883;74;54116 → 1883 [SYN] Seq=0 Win=42340 Len=0 MSS=1460 SACK_PERM=1 TSval=3424337659 TSecr=0 WS=512;
105;Jan 13, 2022 19:07:03.779128766 CET;192.168.1.101;192.168.1.102;1883;54116;58;1883 → 54116 [SYN, ACK] Seq=0 Ack=1 Win=8192 Len=0 MSS=1460;
106;Jan 13, 2022 19:07:03.779173658 CET;192.168.1.102;192.168.1.101;54116;1883;54;54116 → 1883 [ACK] Seq=1 Ack=1 Win=42340 Len=0;
107;Jan 13, 2022 19:07:03.779257733 CET;192.168.1.102;192.168.1.101;54116;1883;108;Connect Command;
108;Jan 13, 2022 19:07:03.992749871 CET;192.168.1.102;192.168.1.101;54116;1883;108;[TCP Retransmission] 54116 → 1883 [PSH, ACK] Seq=1 Ack=1 Win=42340 Len=54;
109;Jan 13, 2022 19:07:03.995983983 CET;192.168.1.101;192.168.1.102;1883;54116;54;1883 → 54116 [ACK] Seq=1 Ack=55 Win=8192 Len=0;
110;Jan 13, 2022 19:07:04.000668458 CET;192.168.1.101;192.168.1.102;1883;54116;58;Connect Ack;
111;Jan 13, 2022 19:07:04.000685606 CET;192.168.1.102;192.168.1.101;54116;1883;54;54116 → 1883 [ACK] Seq=55 Ack=5 Win=42336 Len=0;
112;Jan 13, 2022 19:07:04.000741985 CET;192.168.1.102;192.168.1.101;54116;1883;73;Publish Message [topic];message009
113;Jan 13, 2022 19:07:04.000762921 CET;192.168.1.102;192.168.1.101;54116;1883;56;Disconnect Req;
114;Jan 13, 2022 19:07:04.428524936 CET;192.168.1.102;192.168.1.101;54116;1883;75;[TCP Retransmission] 54116 → 1883 [FIN, PSH, ACK] Seq=55 Ack=5 Win=42336 Len=21;
115;Jan 13, 2022 19:07:04.432949496 CET;192.168.1.101;192.168.1.102;1883;54116;54;1883 → 54116 [FIN, ACK] Seq=5 Ack=77 Win=8192 Len=0;
116;Jan 13, 2022 19:07:04.432976043 CET;192.168.1.102;192.168.1.101;54116;1883;54;54116 → 1883 [ACK] Seq=77 Ack=6 Win=42335 Len=0;
117;Jan 13, 2022 19:07:14.009166431 CET;192.168.1.102;192.168.1.101;54118;1883;74;54118 → 1883 [SYN] Seq=0 Win=42340 Len=0 MSS=1460 SACK_PERM=1 TSval=3424347900 TSecr=0 WS=512;
118;Jan 13, 2022 19:07:14.013808443 CET;192.168.1.101;192.168.1.102;1883;54118;58;1883 → 54118 [SYN, ACK] Seq=0 Ack=1 Win=8192 Len=0 MSS=1460;
119;Jan 13, 2022 19:07:14.013838652 CET;192.168.1.102;192.168.1.101;54118;1883;54;54118 → 1883 [ACK] Seq=1 Ack=1 Win=42340 Len=0;
120;Jan 13, 2022 19:07:14.014103840 CET;192.168.1.102;192.168.1.101;54118;1883;108;Connect Command;
121;Jan 13, 2022 19:07:14.224703190 CET;192.168.1.102;192.168.1.101;54118;1883;108;[TCP Retransmission] 54118 → 1883 [PSH, ACK] Seq=1 Ack=1 Win=42340 Len=54;
122;Jan 13, 2022 19:07:14.233681730 CET;192.168.1.101;192.168.1.102;1883;54118;54;1883 → 54118 [ACK] Seq=1 Ack=55 Win=8192 Len=0;
123;Jan 13, 2022 19:07:14.237464947 CET;192.168.1.101;192.168.1.102;1883;54118;58;Connect Ack;
124;Jan 13, 2022 19:07:14.237482401 CET;192.168.1.102;192.168.1.101;54118;1883;54;54118 → 1883 [ACK] Seq=55 Ack=5 Win=42336 Len=0;
125;Jan 13, 2022 19:07:14.237543539 CET;192.168.1.102;192.168.1.101;54118;1883;73;Publish Message [topic];message010
126;Jan 13, 2022 19:07:14.237565759 CET;192.168.1.102;192.168.1.101;54118;1883;56;Disconnect Req;
127;Jan 13, 2022 19:07:14.668531817 CET;192.168.1.102;192.168.1.101;54118;1883;75;[TCP Retransmission] 54118 → 1883 [FIN, PSH, ACK] Seq=55 Ack=5 Win=42336 Len=21;
128;Jan 13, 2022 19:07:14.679640250 CET;192.168.1.101;192.168.1.102;1883;54118;54;1883 → 54118 [FIN, ACK] Seq=5 Ack=77 Win=8192 Len=0;
129;Jan 13, 2022 19:07:14.679664965 CET;192.168.1.102;192.168.1.101;54118;1883;54;54118 → 1883 [ACK] Seq=77 Ack=6 Win=42335 Len=0;
130;Jan 13, 2022 19:07:24.241299058 CET;192.168.1.102;192.168.1.101;54122;1883;74;54122 → 1883 [SYN] Seq=0 Win=42340 Len=0 MSS=1460 SACK_PERM=1 TSval=3424358132 TSecr=0 WS=512;
131;Jan 13, 2022 19:07:24.243678479 CET;192.168.1.101;192.168.1.102;1883;54122;58;1883 → 54122 [SYN, ACK] Seq=0 Ack=1 Win=8192 Len=0 MSS=1460;
132;Jan 13, 2022 19:07:24.243690977 CET;192.168.1.102;192.168.1.101;54122;1883;54;54122 → 1883 [ACK] Seq=1 Ack=1 Win=42340 Len=0;
133;Jan 13, 2022 19:07:24.244547491 CET;192.168.1.102;192.168.1.101;54122;1883;108;Connect Command;
134;Jan 13, 2022 19:07:24.452524404 CET;192.168.1.102;192.168.1.101;54122;1883;108;[TCP Retransmission] 54122 → 1883 [PSH, ACK] Seq=1 Ack=1 Win=42340 Len=54;
135;Jan 13, 2022 19:07:24.459526860 CET;192.168.1.101;192.168.1.102;1883;54122;54;1883 → 54122 [ACK] Seq=1 Ack=55 Win=8192 Len=0;
136;Jan 13, 2022 19:07:24.466893801 CET;192.168.1.101;192.168.1.102;1883;54122;58;Connect Ack;
137;Jan 13, 2022 19:07:24.466910216 CET;192.168.1.102;192.168.1.101;54122;1883;54;54122 → 1883 [ACK] Seq=55 Ack=5 Win=42336 Len=0;
138;Jan 13, 2022 19:07:24.466982862 CET;192.168.1.102;192.168.1.101;54122;1883;73;Publish Message [topic];message011
139;Jan 13, 2022 19:07:24.467010431 CET;192.168.1.102;192.168.1.101;54122;1883;56;Disconnect Req;
140;Jan 13, 2022 19:07:24.876564868 CET;192.168.1.102;192.168.1.101;54122;1883;75;[TCP Retransmission] 54122 → 1883 [FIN, PSH, ACK] Seq=55 Ack=5 Win=42336 Len=21;
141;Jan 13, 2022 19:07:24.881688715 CET;192.168.1.101;192.168.1.102;1883;54122;54;1883 → 54122 [FIN, ACK] Seq=5 Ack=77 Win=8192 Len=0;
142;Jan 13, 2022 19:07:24.881705116 CET;192.168.1.102;192.168.1.101;54122;1883;54;54122 → 1883 [ACK] Seq=77 Ack=6 Win=42335 Len=0;
143;Jan 13, 2022 19:07:34.471166435 CET;192.168.1.102;192.168.1.101;54124;1883;74;54124 → 1883 [SYN] Seq=0 Win=42340 Len=0 MSS=1460 SACK_PERM=1 TSval=3424368362 TSecr=0 WS=512;
144;Jan 13, 2022 19:07:34.474135236 CET;192.168.1.101;192.168.1.102;1883;54124;58;1883 → 54124 [SYN, ACK] Seq=0 Ack=1 Win=8192 Len=0 MSS=1460;
145;Jan 13, 2022 19:07:34.474149554 CET;192.168.1.102;192.168.1.101;54124;1883;54;54124 → 1883 [ACK] Seq=1 Ack=1 Win=42340 Len=0;
146;Jan 13, 2022 19:07:34.475306243 CET;192.168.1.102;192.168.1.101;54124;1883;108;Connect Command;
147;Jan 13, 2022 19:07:34.482691558 CET;192.168.1.101;192.168.1.102;1883;54124;54;1883 → 54124 [ACK] Seq=1 Ack=55 Win=8192 Len=0;
148;Jan 13, 2022 19:07:34.486765926 CET;192.168.1.101;192.168.1.102;1883;54124;58;Connect Ack;
149;Jan 13, 2022 19:07:34.486781734 CET;192.168.1.102;192.168.1.101;54124;1883;54;54124 → 1883 [ACK] Seq=55 Ack=5 Win=42336 Len=0;
150;Jan 13, 2022 19:07:34.486832023 CET;192.168.1.102;192.168.1.101;54124;1883;73;Publish Message [topic];message012
151;Jan 13, 2022 19:07:34.486852275 CET;192.168.1.102;192.168.1.101;54124;1883;56;Disconnect Req;
152;Jan 13, 2022 19:07:34.692621590 CET;192.168.1.102;192.168.1.101;54124;1883;75;[TCP Retransmission] 54124 → 1883 [FIN, PSH, ACK] Seq=55 Ack=5 Win=42336 Len=21;
153;Jan 13, 2022 19:07:34.754778475 CET;192.168.1.101;192.168.1.102;1883;54124;54;1883 → 54124 [FIN, ACK] Seq=5 Ack=77 Win=8192 Len=0;
154;Jan 13, 2022 19:07:34.754801018 CET;192.168.1.102;192.168.1.101;54124;1883;54;54124 → 1883 [ACK] Seq=77 Ack=6 Win=42335 Len=0;
155;Jan 13, 2022 19:07:44.497153310 CET;192.168.1.102;192.168.1.101;54126;1883;74;54126 → 1883 [SYN] Seq=0 Win=42340 Len=0 MSS=1460 SACK_PERM=1 TSval=3424378388 TSecr=0 WS=512;
156;Jan 13, 2022 19:07:44.505400465 CET;192.168.1.101;192.168.1.102;1883;54126;58;1883 → 54126 [SYN, ACK] Seq=0 Ack=1 Win=8192 Len=0 MSS=1460;
157;Jan 13, 2022 19:07:44.505419858 CET;192.168.1.102;192.168.1.101;54126;1883;54;54126 → 1883 [ACK] Seq=1 Ack=1 Win=42340 Len=0;
158;Jan 13, 2022 19:07:44.505462380 CET;192.168.1.102;192.168.1.101;54126;1883;108;Connect Command;
159;Jan 13, 2022 19:07:44.720612850 CET;192.168.1.102;192.168.1.101;54126;1883;108;[TCP Retransmission] 54126 → 1883 [PSH, ACK] Seq=1 Ack=1 Win=42340 Len=54;
160;Jan 13, 2022 19:07:44.740738789 CET;192.168.1.101;192.168.1.102;1883;54126;54;1883 → 54126 [ACK] Seq=1 Ack=55 Win=8192 Len=0;
161;Jan 13, 2022 19:07:44.747018784 CET;192.168.1.101;192.168.1.102;1883;54126;58;Connect Ack;
162;Jan 13, 2022 19:07:44.747037249 CET;192.168.1.102;192.168.1.101;54126;1883;54;54126 → 1883 [ACK] Seq=55 Ack=5 Win=42336 Len=0;
163;Jan 13, 2022 19:07:44.747121401 CET;192.168.1.102;192.168.1.101;54126;1883;73;Publish Message [topic];message013
164;Jan 13, 2022 19:07:44.747158826 CET;192.168.1.102;192.168.1.101;54126;1883;56;Disconnect Req;
165;Jan 13, 2022 19:07:45.196552281 CET;192.168.1.102;192.168.1.101;54126;1883;75;[TCP Retransmission] 54126 → 1883 [FIN, PSH, ACK] Seq=55 Ack=5 Win=42336 Len=21;
166;Jan 13, 2022 19:07:45.203291839 CET;192.168.1.101;192.168.1.102;1883;54126;54;1883 → 54126 [FIN, ACK] Seq=5 Ack=77 Win=8192 Len=0;
167;Jan 13, 2022 19:07:45.203309087 CET;192.168.1.102;192.168.1.101;54126;1883;54;54126 → 1883 [ACK] Seq=77 Ack=6 Win=42335 Len=0;
168;Jan 13, 2022 19:07:54.756054196 CET;192.168.1.102;192.168.1.101;54128;1883;74;54128 → 1883 [SYN] Seq=0 Win=42340 Len=0 MSS=1460 SACK_PERM=1 TSval=3424388647 TSecr=0 WS=512;
169;Jan 13, 2022 19:07:54.760884404 CET;192.168.1.101;192.168.1.102;1883;54128;58;1883 → 54128 [SYN, ACK] Seq=0 Ack=1 Win=8192 Len=0 MSS=1460;
170;Jan 13, 2022 19:07:54.760916490 CET;192.168.1.102;192.168.1.101;54128;1883;54;54128 → 1883 [ACK] Seq=1 Ack=1 Win=42340 Len=0;
171;Jan 13, 2022 19:07:54.761243019 CET;192.168.1.102;192.168.1.101;54128;1883;108;Connect Command;
172;Jan 13, 2022 19:07:54.972639994 CET;192.168.1.102;192.168.1.101;54128;1883;108;[TCP Retransmission] 54128 → 1883 [PSH, ACK] Seq=1 Ack=1 Win=42340 Len=54;
173;Jan 13, 2022 19:07:54.991886185 CET;192.168.1.101;192.168.1.102;1883;54128;54;1883 → 54128 [ACK] Seq=1 Ack=55 Win=8192 Len=0;
174;Jan 13, 2022 19:07:54.996178203 CET;192.168.1.101;192.168.1.102;1883;54128;58;Connect Ack;
175;Jan 13, 2022 19:07:54.996193418 CET;192.168.1.102;192.168.1.101;54128;1883;54;54128 → 1883 [ACK] Seq=55 Ack=5 Win=42336 Len=0;
176;Jan 13, 2022 19:07:54.996263196 CET;192.168.1.102;192.168.1.101;54128;1883;73;Publish Message [topic];message014
177;Jan 13, 2022 19:07:54.996291489 CET;192.168.1.102;192.168.1.101;54128;1883;56;Disconnect Req;
178;Jan 13, 2022 19:07:55.436570761 CET;192.168.1.102;192.168.1.101;54128;1883;75;[TCP Retransmission] 54128 → 1883 [FIN, PSH, ACK] Seq=55 Ack=5 Win=42336 Len=21;
179;Jan 13, 2022 19:07:55.445621273 CET;192.168.1.101;192.168.1.102;1883;54128;54;1883 → 54128 [FIN, ACK] Seq=5 Ack=77 Win=8192 Len=0;
180;Jan 13, 2022 19:07:55.445642988 CET;192.168.1.102;192.168.1.101;54128;1883;54;54128 → 1883 [ACK] Seq=77 Ack=6 Win=42335 Len=0;
181;Jan 13, 2022 19:08:05.001811390 CET;192.168.1.102;192.168.1.101;54130;1883;74;54130 → 1883 [SYN] Seq=0 Win=42340 Len=0 MSS=1460 SACK_PERM=1 TSval=3424398892 TSecr=0 WS=512;
182;Jan 13, 2022 19:08:05.005845050 CET;192.168.1.101;192.168.1.102;1883;54130;58;1883 → 54130 [SYN, ACK] Seq=0 Ack=1 Win=8192 Len=0 MSS=1460;
183;Jan 13, 2022 19:08:05.005885836 CET;192.168.1.102;192.168.1.101;54130;1883;54;54130 → 1883 [ACK] Seq=1 Ack=1 Win=42340 Len=0;
184;Jan 13, 2022 19:08:05.006743658 CET;192.168.1.102;192.168.1.101;54130;1883;108;Connect Command;
185;Jan 13, 2022 19:08:05.216639289 CET;192.168.1.102;192.168.1.101;54130;1883;108;[TCP Retransmission] 54130 → 1883 [PSH, ACK] Seq=1 Ack=1 Win=42340 Len=54;
186;Jan 13, 2022 19:08:05.235245222 CET;192.168.1.101;192.168.1.102;1883;54130;54;1883 → 54130 [ACK] Seq=1 Ack=55 Win=8192 Len=0;
187;Jan 13, 2022 19:08:05.242726934 CET;192.168.1.101;192.168.1.102;1883;54130;58;Connect Ack;
188;Jan 13, 2022 19:08:05.242746239 CET;192.168.1.102;192.168.1.101;54130;1883;54;54130 → 1883 [ACK] Seq=55 Ack=5 Win=42336 Len=0;
189;Jan 13, 2022 19:08:05.242839548 CET;192.168.1.102;192.168.1.101;54130;1883;73;Publish Message [topic];message015
190;Jan 13, 2022 19:08:05.242875057 CET;192.168.1.102;192.168.1.101;54130;1883;56;Disconnect Req;
191;Jan 13, 2022 19:08:05.676665849 CET;192.168.1.102;192.168.1.101;54130;1883;75;[TCP Retransmission] 54130 → 1883 [FIN, PSH, ACK] Seq=55 Ack=5 Win=42336 Len=21;
192;Jan 13, 2022 19:08:05.694585000 CET;192.168.1.101;192.168.1.102;1883;54130;54;1883 → 54130 [FIN, ACK] Seq=5 Ack=77 Win=8192 Len=0;
193;Jan 13, 2022 19:08:05.694624694 CET;192.168.1.102;192.168.1.101;54130;1883;54;54130 → 1883 [ACK] Seq=77 Ack=6 Win=42335 Len=0;
194;Jan 13, 2022 19:08:15.249438089 CET;192.168.1.102;192.168.1.101;54132;1883;74;54132 → 1883 [SYN] Seq=0 Win=42340 Len=0 MSS=1460 SACK_PERM=1 TSval=3424409140 TSecr=0 WS=512;
195;Jan 13, 2022 19:08:15.256309178 CET;192.168.1.101;192.168.1.102;1883;54132;58;1883 → 54132 [SYN, ACK] Seq=0 Ack=1 Win=8192 Len=0 MSS=1460;
196;Jan 13, 2022 19:08:15.256344490 CET;192.168.1.102;192.168.1.101;54132;1883;54;54132 → 1883 [ACK] Seq=1 Ack=1 Win=42340 Len=0;
197;Jan 13, 2022 19:08:15.256423938 CET;192.168.1.102;192.168.1.101;54132;1883;108;Connect Command;
198;Jan 13, 2022 19:08:15.464604033 CET;192.168.1.102;192.168.1.101;54132;1883;108;[TCP Retransmission] 54132 → 1883 [PSH, ACK] Seq=1 Ack=1 Win=42340 Len=54;
199;Jan 13, 2022 19:08:15.480081926 CET;192.168.1.101;192.168.1.102;1883;54132;54;1883 → 54132 [ACK] Seq=1 Ack=55 Win=8192 Len=0;
200;Jan 13, 2022 19:08:15.485343078 CET;192.168.1.101;192.168.1.102;1883;54132;58;Connect Ack;
201;Jan 13, 2022 19:08:15.485360873 CET;192.168.1.102;192.168.1.101;54132;1883;54;54132 → 1883 [ACK] Seq=55 Ack=5 Win=42336 Len=0;
202;Jan 13, 2022 19:08:15.485438875 CET;192.168.1.102;192.168.1.101;54132;1883;73;Publish Message [topic];message016
203;Jan 13, 2022 19:08:15.485473114 CET;192.168.1.102;192.168.1.101;54132;1883;56;Disconnect Req;
204;Jan 13, 2022 19:08:15.916758301 CET;192.168.1.102;192.168.1.101;54132;1883;75;[TCP Retransmission] 54132 → 1883 [FIN, PSH, ACK] Seq=55 Ack=5 Win=42336 Len=21;
205;Jan 13, 2022 19:08:15.936488370 CET;192.168.1.101;192.168.1.102;1883;54132;54;1883 → 54132 [FIN, ACK] Seq=5 Ack=77 Win=8192 Len=0;
206;Jan 13, 2022 19:08:15.936519090 CET;192.168.1.102;192.168.1.101;54132;1883;54;54132 → 1883 [ACK] Seq=77 Ack=6 Win=42335 Len=0;
207;Jan 13, 2022 19:08:25.494119481 CET;192.168.1.102;192.168.1.101;54134;1883;74;54134 → 1883 [SYN] Seq=0 Win=42340 Len=0 MSS=1460 SACK_PERM=1 TSval=3424419385 TSecr=0 WS=512;
208;Jan 13, 2022 19:08:25.498742752 CET;192.168.1.101;192.168.1.102;1883;54134;58;1883 → 54134 [SYN, ACK] Seq=0 Ack=1 Win=8192 Len=0 MSS=1460;
209;Jan 13, 2022 19:08:25.498775552 CET;192.168.1.102;192.168.1.101;54134;1883;54;54134 → 1883 [ACK] Seq=1 Ack=1 Win=42340 Len=0;
210;Jan 13, 2022 19:08:25.499061759 CET;192.168.1.102;192.168.1.101;54134;1883;108;Connect Command;
211;Jan 13, 2022 19:08:25.708823878 CET;192.168.1.102;192.168.1.101;54134;1883;108;[TCP Retransmission] 54134 → 1883 [PSH, ACK] Seq=1 Ack=1 Win=42340 Len=54;
212;Jan 13, 2022 19:08:25.715949361 CET;192.168.1.101;192.168.1.102;1883;54134;54;1883 → 54134 [ACK] Seq=1 Ack=55 Win=8192 Len=0;
213;Jan 13, 2022 19:08:25.721994632 CET;192.168.1.101;192.168.1.102;1883;54134;58;Connect Ack;
214;Jan 13, 2022 19:08:25.722016218 CET;192.168.1.102;192.168.1.101;54134;1883;54;54134 → 1883 [ACK] Seq=55 Ack=5 Win=42336 Len=0;
215;Jan 13, 2022 19:08:25.722100131 CET;192.168.1.102;192.168.1.101;54134;1883;73;Publish Message [topic];message017
216;Jan 13, 2022 19:08:25.722134333 CET;192.168.1.102;192.168.1.101;54134;1883;56;Disconnect Req;
217;Jan 13, 2022 19:08:26.156529216 CET;192.168.1.102;192.168.1.101;54134;1883;75;[TCP Retransmission] 54134 → 1883 [FIN, PSH, ACK] Seq=55 Ack=5 Win=42336 Len=21;
218;Jan 13, 2022 19:08:26.163010473 CET;192.168.1.101;192.168.1.102;1883;54134;54;1883 → 54134 [FIN, ACK] Seq=5 Ack=77 Win=8192 Len=0;
219;Jan 13, 2022 19:08:26.163027789 CET;192.168.1.102;192.168.1.101;54134;1883;54;54134 → 1883 [ACK] Seq=77 Ack=6 Win=42335 Len=0;
220;Jan 13, 2022 19:08:35.732240523 CET;192.168.1.102;192.168.1.101;54136;1883;74;54136 → 1883 [SYN] Seq=0 Win=42340 Len=0 MSS=1460 SACK_PERM=1 TSval=3424429623 TSecr=0 WS=512;
221;Jan 13, 2022 19:08:35.736928619 CET;192.168.1.101;192.168.1.102;1883;54136;58;1883 → 54136 [SYN, ACK] Seq=0 Ack=1 Win=8192 Len=0 MSS=1460;
222;Jan 13, 2022 19:08:35.736960272 CET;192.168.1.102;192.168.1.101;54136;1883;54;54136 → 1883 [ACK] Seq=1 Ack=1 Win=42340 Len=0;
223;Jan 13, 2022 19:08:35.737243071 CET;192.168.1.102;192.168.1.101;54136;1883;108;Connect Command;
224;Jan 13, 2022 19:08:35.948878972 CET;192.168.1.102;192.168.1.101;54136;1883;108;[TCP Retransmission] 54136 → 1883 [PSH, ACK] Seq=1 Ack=1 Win=42340 Len=54;
225;Jan 13, 2022 19:08:35.957937129 CET;192.168.1.101;192.168.1.102;1883;54136;54;1883 → 54136 [ACK] Seq=1 Ack=55 Win=8192 Len=0;
226;Jan 13, 2022 19:08:35.961620499 CET;192.168.1.101;192.168.1.102;1883;54136;58;Connect Ack;
227;Jan 13, 2022 19:08:35.961637547 CET;192.168.1.102;192.168.1.101;54136;1883;54;54136 → 1883 [ACK] Seq=55 Ack=5 Win=42336 Len=0;
228;Jan 13, 2022 19:08:35.961699758 CET;192.168.1.102;192.168.1.101;54136;1883;73;Publish Message [topic];message018
229;Jan 13, 2022 19:08:35.961723307 CET;192.168.1.102;192.168.1.101;54136;1883;56;Disconnect Req;
230;Jan 13, 2022 19:08:36.396654259 CET;192.168.1.102;192.168.1.101;54136;1883;75;[TCP Retransmission] 54136 → 1883 [FIN, PSH, ACK] Seq=55 Ack=5 Win=42336 Len=21;
231;Jan 13, 2022 19:08:36.415901739 CET;192.168.1.101;192.168.1.102;1883;54136;54;1883 → 54136 [FIN, ACK] Seq=5 Ack=77 Win=8192 Len=0;
232;Jan 13, 2022 19:08:36.415950465 CET;192.168.1.102;192.168.1.101;54136;1883;54;54136 → 1883 [ACK] Seq=77 Ack=6 Win=42335 Len=0;
233;Jan 13, 2022 19:08:45.966795877 CET;192.168.1.102;192.168.1.101;54138;1883;74;54138 → 1883 [SYN] Seq=0 Win=42340 Len=0 MSS=1460 SACK_PERM=1 TSval=3424439857 TSecr=0 WS=512;
234;Jan 13, 2022 19:08:45.969758240 CET;192.168.1.101;192.168.1.102;1883;54138;58;1883 → 54138 [SYN, ACK] Seq=0 Ack=1 Win=8192 Len=0 MSS=1460;
235;Jan 13, 2022 19:08:45.969771881 CET;192.168.1.102;192.168.1.101;54138;1883;54;54138 → 1883 [ACK] Seq=1 Ack=1 Win=42340 Len=0;
236;Jan 13, 2022 19:08:45.971443500 CET;192.168.1.102;192.168.1.101;54138;1883;108;Connect Command;
237;Jan 13, 2022 19:08:46.176593810 CET;192.168.1.102;192.168.1.101;54138;1883;108;[TCP Retransmission] 54138 → 1883 [PSH, ACK] Seq=1 Ack=1 Win=42340 Len=54;
238;Jan 13, 2022 19:08:46.195125184 CET;192.168.1.101;192.168.1.102;1883;54138;54;1883 → 54138 [ACK] Seq=1 Ack=55 Win=8192 Len=0;
239;Jan 13, 2022 19:08:46.203473138 CET;192.168.1.101;192.168.1.102;1883;54138;58;Connect Ack;
240;Jan 13, 2022 19:08:46.203493144 CET;192.168.1.102;192.168.1.101;54138;1883;54;54138 → 1883 [ACK] Seq=55 Ack=5 Win=42336 Len=0;
241;Jan 13, 2022 19:08:46.203576975 CET;192.168.1.102;192.168.1.101;54138;1883;73;Publish Message [topic];message019
242;Jan 13, 2022 19:08:46.203613727 CET;192.168.1.102;192.168.1.101;54138;1883;56;Disconnect Req;
243;Jan 13, 2022 19:08:46.636526902 CET;192.168.1.102;192.168.1.101;54138;1883;75;[TCP Retransmission] 54138 → 1883 [FIN, PSH, ACK] Seq=55 Ack=5 Win=42336 Len=21;
244;Jan 13, 2022 19:08:46.642228879 CET;192.168.1.101;192.168.1.102;1883;54138;54;1883 → 54138 [FIN, ACK] Seq=5 Ack=77 Win=8192 Len=0;
245;Jan 13, 2022 19:08:46.642250696 CET;192.168.1.102;192.168.1.101;54138;1883;54;54138 → 1883 [ACK] Seq=77 Ack=6 Win=42335 Len=0;
246;Jan 13, 2022 19:08:56.210923120 CET;192.168.1.102;192.168.1.101;54140;1883;74;54140 → 1883 [SYN] Seq=0 Win=42340 Len=0 MSS=1460 SACK_PERM=1 TSval=3424450102 TSecr=0 WS=512;
247;Jan 13, 2022 19:08:56.214818629 CET;192.168.1.101;192.168.1.102;1883;54140;58;1883 → 54140 [SYN, ACK] Seq=0 Ack=1 Win=8192 Len=0 MSS=1460;
248;Jan 13, 2022 19:08:56.214839490 CET;192.168.1.102;192.168.1.101;54140;1883;54;54140 → 1883 [ACK] Seq=1 Ack=1 Win=42340 Len=0;
249;Jan 13, 2022 19:08:56.216597086 CET;192.168.1.102;192.168.1.101;54140;1883;108;Connect Command;
250;Jan 13, 2022 19:08:56.424600374 CET;192.168.1.102;192.168.1.101;54140;1883;108;[TCP Retransmission] 54140 → 1883 [PSH, ACK] Seq=1 Ack=1 Win=42340 Len=54;
251;Jan 13, 2022 19:08:56.443476346 CET;192.168.1.101;192.168.1.102;1883;54140;54;1883 → 54140 [ACK] Seq=1 Ack=55 Win=8192 Len=0;
252;Jan 13, 2022 19:08:56.452874910 CET;192.168.1.101;192.168.1.102;1883;54140;58;Connect Ack;
253;Jan 13, 2022 19:08:56.452901074 CET;192.168.1.102;192.168.1.101;54140;1883;54;54140 → 1883 [ACK] Seq=55 Ack=5 Win=42336 Len=0;
254;Jan 13, 2022 19:08:56.452988002 CET;192.168.1.102;192.168.1.101;54140;1883;73;Publish Message [topic];message020
255;Jan 13, 2022 19:08:56.453020627 CET;192.168.1.102;192.168.1.101;54140;1883;56;Disconnect Req;
256;Jan 13, 2022 19:08:56.876744593 CET;192.168.1.102;192.168.1.101;54140;1883;75;[TCP Retransmission] 54140 → 1883 [FIN, PSH, ACK] Seq=55 Ack=5 Win=42336 Len=21;
257;Jan 13, 2022 19:08:56.885866742 CET;192.168.1.101;192.168.1.102;1883;54140;54;1883 → 54140 [FIN, ACK] Seq=5 Ack=77 Win=8192 Len=0;
258;Jan 13, 2022 19:08:56.885893900 CET;192.168.1.102;192.168.1.101;54140;1883;54;54140 → 1883 [ACK] Seq=77 Ack=6 Win=42335 Len=0;
259;Jan 13, 2022 19:09:06.458003783 CET;192.168.1.102;192.168.1.101;54142;1883;74;54142 → 1883 [SYN] Seq=0 Win=42340 Len=0 MSS=1460 SACK_PERM=1 TSval=3424460349 TSecr=0 WS=512;
260;Jan 13, 2022 19:09:06.460783346 CET;192.168.1.101;192.168.1.102;1883;54142;58;1883 → 54142 [SYN, ACK] Seq=0 Ack=1 Win=8192 Len=0 MSS=1460;
261;Jan 13, 2022 19:09:06.460796178 CET;192.168.1.102;192.168.1.101;54142;1883;54;54142 → 1883 [ACK] Seq=1 Ack=1 Win=42340 Len=0;
262;Jan 13, 2022 19:09:06.461990825 CET;192.168.1.102;192.168.1.101;54142;1883;108;Connect Command;
263;Jan 13, 2022 19:09:06.467193591 CET;192.168.1.101;192.168.1.102;1883;54142;54;1883 → 54142 [ACK] Seq=1 Ack=55 Win=8192 Len=0;
264;Jan 13, 2022 19:09:06.470504915 CET;192.168.1.101;192.168.1.102;1883;54142;58;Connect Ack;
265;Jan 13, 2022 19:09:06.470521299 CET;192.168.1.102;192.168.1.101;54142;1883;54;54142 → 1883 [ACK] Seq=55 Ack=5 Win=42336 Len=0;
266;Jan 13, 2022 19:09:06.470576870 CET;192.168.1.102;192.168.1.101;54142;1883;73;Publish Message [topic];message021
267;Jan 13, 2022 19:09:06.470598504 CET;192.168.1.102;192.168.1.101;54142;1883;56;Disconnect Req;
268;Jan 13, 2022 19:09:06.676893431 CET;192.168.1.102;192.168.1.101;54142;1883;75;[TCP Retransmission] 54142 → 1883 [FIN, PSH, ACK] Seq=55 Ack=5 Win=42336 Len=21;
269;Jan 13, 2022 19:09:06.683727972 CET;192.168.1.101;192.168.1.102;1883;54142;54;1883 → 54142 [FIN, ACK] Seq=5 Ack=77 Win=8192 Len=0;
270;Jan 13, 2022 19:09:06.683753583 CET;192.168.1.102;192.168.1.101;54142;1883;54;54142 → 1883 [ACK] Seq=77 Ack=6 Win=42335 Len=0;
271;Jan 13, 2022 19:09:16.483682771 CET;192.168.1.102;192.168.1.101;54144;1883;74;54144 → 1883 [SYN] Seq=0 Win=42340 Len=0 MSS=1460 SACK_PERM=1 TSval=3424470374 TSecr=0 WS=512;
272;Jan 13, 2022 19:09:16.498537557 CET;192.168.1.101;192.168.1.102;1883;54144;58;1883 → 54144 [SYN, ACK] Seq=0 Ack=1 Win=8192 Len=0 MSS=1460;
273;Jan 13, 2022 19:09:16.498578397 CET;192.168.1.102;192.168.1.101;54144;1883;54;54144 → 1883 [ACK] Seq=1 Ack=1 Win=42340 Len=0;
274;Jan 13, 2022 19:09:16.498704525 CET;192.168.1.102;192.168.1.101;54144;1883;108;Connect Command;
275;Jan 13, 2022 19:09:16.716541125 CET;192.168.1.102;192.168.1.101;54144;1883;108;[TCP Retransmission] 54144 → 1883 [PSH, ACK] Seq=1 Ack=1 Win=42340 Len=54;
276;Jan 13, 2022 19:09:16.722580472 CET;192.168.1.101;192.168.1.102;1883;54144;54;1883 → 54144 [ACK] Seq=1 Ack=55 Win=8192 Len=0;
277;Jan 13, 2022 19:09:16.726453638 CET;192.168.1.101;192.168.1.102;1883;54144;58;Connect Ack;
278;Jan 13, 2022 19:09:16.726472226 CET;192.168.1.102;192.168.1.101;54144;1883;54;54144 → 1883 [ACK] Seq=55 Ack=5 Win=42336 Len=0;
279;Jan 13, 2022 19:09:16.726540107 CET;192.168.1.102;192.168.1.101;54144;1883;73;Publish Message [topic];message022
280;Jan 13, 2022 19:09:16.726568904 CET;192.168.1.102;192.168.1.101;54144;1883;56;Disconnect Req;
281;Jan 13, 2022 19:09:17.164576466 CET;192.168.1.102;192.168.1.101;54144;1883;75;[TCP Retransmission] 54144 → 1883 [FIN, PSH, ACK] Seq=55 Ack=5 Win=42336 Len=21;
282;Jan 13, 2022 19:09:17.188334694 CET;192.168.1.101;192.168.1.102;1883;54144;54;1883 → 54144 [FIN, ACK] Seq=5 Ack=77 Win=8192 Len=0;
283;Jan 13, 2022 19:09:17.188363718 CET;192.168.1.102;192.168.1.101;54144;1883;54;54144 → 1883 [ACK] Seq=77 Ack=6 Win=42335 Len=0;
284;Jan 13, 2022 19:09:26.731165853 CET;192.168.1.102;192.168.1.101;54146;1883;74;54146 → 1883 [SYN] Seq=0 Win=42340 Len=0 MSS=1460 SACK_PERM=1 TSval=3424480622 TSecr=0 WS=512;
285;Jan 13, 2022 19:09:26.735875413 CET;192.168.1.101;192.168.1.102;1883;54146;58;1883 → 54146 [SYN, ACK] Seq=0 Ack=1 Win=8192 Len=0 MSS=1460;
286;Jan 13, 2022 19:09:26.735909158 CET;192.168.1.102;192.168.1.101;54146;1883;54;54146 → 1883 [ACK] Seq=1 Ack=1 Win=42340 Len=0;
287;Jan 13, 2022 19:09:26.736042292 CET;192.168.1.102;192.168.1.101;54146;1883;108;Connect Command;
288;Jan 13, 2022 19:09:26.945292771 CET;192.168.1.102;192.168.1.101;54146;1883;108;[TCP Retransmission] 54146 → 1883 [PSH, ACK] Seq=1 Ack=1 Win=42340 Len=54;
289;Jan 13, 2022 19:09:26.949833202 CET;192.168.1.101;192.168.1.102;1883;54146;54;1883 → 54146 [ACK] Seq=1 Ack=55 Win=8192 Len=0;
290;Jan 13, 2022 19:09:26.954096652 CET;192.168.1.101;192.168.1.102;1883;54146;58;Connect Ack;
291;Jan 13, 2022 19:09:26.954116930 CET;192.168.1.102;192.168.1.101;54146;1883;54;54146 → 1883 [ACK] Seq=55 Ack=5 Win=42336 Len=0;
292;Jan 13, 2022 19:09:26.954192037 CET;192.168.1.102;192.168.1.101;54146;1883;73;Publish Message [topic];message023
293;Jan 13, 2022 19:09:26.954217133 CET;192.168.1.102;192.168.1.101;54146;1883;56;Disconnect Req;
294;Jan 13, 2022 19:09:27.372536441 CET;192.168.1.102;192.168.1.101;54146;1883;75;[TCP Retransmission] 54146 → 1883 [FIN, PSH, ACK] Seq=55 Ack=5 Win=42336 Len=21;
295;Jan 13, 2022 19:09:27.378265845 CET;192.168.1.101;192.168.1.102;1883;54146;54;1883 → 54146 [FIN, ACK] Seq=5 Ack=77 Win=8192 Len=0;
296;Jan 13, 2022 19:09:27.378288852 CET;192.168.1.102;192.168.1.101;54146;1883;54;54146 → 1883 [ACK] Seq=77 Ack=6 Win=42335 Len=0;
297;Jan 13, 2022 19:09:36.959388189 CET;192.168.1.102;192.168.1.101;54148;1883;74;54148 → 1883 [SYN] Seq=0 Win=42340 Len=0 MSS=1460 SACK_PERM=1 TSval=3424490850 TSecr=0 WS=512;
298;Jan 13, 2022 19:09:36.963289527 CET;192.168.1.101;192.168.1.102;1883;54148;58;1883 → 54148 [SYN, ACK] Seq=0 Ack=1 Win=8192 Len=0 MSS=1460;
299;Jan 13, 2022 19:09:36.963307008 CET;192.168.1.102;192.168.1.101;54148;1883;54;54148 → 1883 [ACK] Seq=1 Ack=1 Win=42340 Len=0;
300;Jan 13, 2022 19:09:36.964591009 CET;192.168.1.102;192.168.1.101;54148;1883;108;Connect Command;
301;Jan 13, 2022 19:09:37.172583920 CET;192.168.1.102;192.168.1.101;54148;1883;108;[TCP Retransmission] 54148 → 1883 [PSH, ACK] Seq=1 Ack=1 Win=42340 Len=54;
302;Jan 13, 2022 19:09:37.192958629 CET;192.168.1.101;192.168.1.102;1883;54148;54;1883 → 54148 [ACK] Seq=1 Ack=55 Win=8192 Len=0;
303;Jan 13, 2022 19:09:37.203639147 CET;192.168.1.101;192.168.1.102;1883;54148;58;Connect Ack;
304;Jan 13, 2022 19:09:37.203662440 CET;192.168.1.102;192.168.1.101;54148;1883;54;54148 → 1883 [ACK] Seq=55 Ack=5 Win=42336 Len=0;
305;Jan 13, 2022 19:09:37.203753030 CET;192.168.1.102;192.168.1.101;54148;1883;73;Publish Message [topic];message024
306;Jan 13, 2022 19:09:37.203790374 CET;192.168.1.102;192.168.1.101;54148;1883;56;Disconnect Req;
307;Jan 13, 2022 19:09:37.612537799 CET;192.168.1.102;192.168.1.101;54148;1883;75;[TCP Retransmission] 54148 → 1883 [FIN, PSH, ACK] Seq=55 Ack=5 Win=42336 Len=21;
308;Jan 13, 2022 19:09:37.619727513 CET;192.168.1.101;192.168.1.102;1883;54148;54;1883 → 54148 [FIN, ACK] Seq=5 Ack=77 Win=8192 Len=0;
309;Jan 13, 2022 19:09:37.619756456 CET;192.168.1.102;192.168.1.101;54148;1883;54;54148 → 1883 [ACK] Seq=77 Ack=6 Win=42335 Len=0;
310;Jan 13, 2022 19:09:47.216131938 CET;192.168.1.102;192.168.1.101;54150;1883;74;54150 → 1883 [SYN] Seq=0 Win=42340 Len=0 MSS=1460 SACK_PERM=1 TSval=3424501107 TSecr=0 WS=512;
311;Jan 13, 2022 19:09:47.233145908 CET;192.168.1.101;192.168.1.102;1883;54150;58;1883 → 54150 [SYN, ACK] Seq=0 Ack=1 Win=8192 Len=0 MSS=1460;
312;Jan 13, 2022 19:09:47.233170793 CET;192.168.1.102;192.168.1.101;54150;1883;54;54150 → 1883 [ACK] Seq=1 Ack=1 Win=42340 Len=0;
313;Jan 13, 2022 19:09:47.233230089 CET;192.168.1.102;192.168.1.101;54150;1883;108;Connect Command;
314;Jan 13, 2022 19:09:47.456539583 CET;192.168.1.102;192.168.1.101;54150;1883;108;[TCP Retransmission] 54150 → 1883 [PSH, ACK] Seq=1 Ack=1 Win=42340 Len=54;
315;Jan 13, 2022 19:09:47.463227196 CET;192.168.1.101;192.168.1.102;1883;54150;54;1883 → 54150 [ACK] Seq=1 Ack=55 Win=8192 Len=0;
316;Jan 13, 2022 19:09:47.467605029 CET;192.168.1.101;192.168.1.102;1883;54150;58;Connect Ack;
317;Jan 13, 2022 19:09:47.467629925 CET;192.168.1.102;192.168.1.101;54150;1883;54;54150 → 1883 [ACK] Seq=55 Ack=5 Win=42336 Len=0;
318;Jan 13, 2022 19:09:47.467723265 CET;192.168.1.102;192.168.1.101;54150;1883;73;Publish Message [topic];message025
319;Jan 13, 2022 19:09:47.467759085 CET;192.168.1.102;192.168.1.101;54150;1883;56;Disconnect Req;
320;Jan 13, 2022 19:09:47.916545076 CET;192.168.1.102;192.168.1.101;54150;1883;75;[TCP Retransmission] 54150 → 1883 [FIN, PSH, ACK] Seq=55 Ack=5 Win=42336 Len=21;
321;Jan 13, 2022 19:09:47.919950044 CET;192.168.1.101;192.168.1.102;1883;54150;54;1883 → 54150 [FIN, ACK] Seq=5 Ack=77 Win=8192 Len=0;
322;Jan 13, 2022 19:09:47.919968502 CET;192.168.1.102;192.168.1.101;54150;1883;54;54150 → 1883 [ACK] Seq=77 Ack=6 Win=42335 Len=0;
323;Jan 13, 2022 19:09:57.471870425 CET;192.168.1.102;192.168.1.101;54152;1883;74;54152 → 1883 [SYN] Seq=0 Win=42340 Len=0 MSS=1460 SACK_PERM=1 TSval=3424511363 TSecr=0 WS=512;
324;Jan 13, 2022 19:09:57.474380322 CET;192.168.1.101;192.168.1.102;1883;54152;58;1883 → 54152 [SYN, ACK] Seq=0 Ack=1 Win=8192 Len=0 MSS=1460;
325;Jan 13, 2022 19:09:57.474391864 CET;192.168.1.102;192.168.1.101;54152;1883;54;54152 → 1883 [ACK] Seq=1 Ack=1 Win=42340 Len=0;
326;Jan 13, 2022 19:09:57.475496310 CET;192.168.1.102;192.168.1.101;54152;1883;108;Connect Command;
327;Jan 13, 2022 19:09:57.480279118 CET;192.168.1.101;192.168.1.102;1883;54152;54;1883 → 54152 [ACK] Seq=1 Ack=55 Win=8192 Len=0;
328;Jan 13, 2022 19:09:57.482984327 CET;192.168.1.101;192.168.1.102;1883;54152;58;Connect Ack;
329;Jan 13, 2022 19:09:57.483004793 CET;192.168.1.102;192.168.1.101;54152;1883;54;54152 → 1883 [ACK] Seq=55 Ack=5 Win=42336 Len=0;
330;Jan 13, 2022 19:09:57.483088345 CET;192.168.1.102;192.168.1.101;54152;1883;73;Publish Message [topic];message026
331;Jan 13, 2022 19:09:57.483113957 CET;192.168.1.102;192.168.1.101;54152;1883;56;Disconnect Req;
332;Jan 13, 2022 19:09:57.688540195 CET;192.168.1.102;192.168.1.101;54152;1883;75;[TCP Retransmission] 54152 → 1883 [FIN, PSH, ACK] Seq=55 Ack=5 Win=42336 Len=21;
333;Jan 13, 2022 19:09:57.694015778 CET;192.168.1.101;192.168.1.102;1883;54152;54;1883 → 54152 [FIN, ACK] Seq=5 Ack=77 Win=8192 Len=0;
334;Jan 13, 2022 19:09:57.694070388 CET;192.168.1.102;192.168.1.101;54152;1883;54;54152 → 1883 [ACK] Seq=77 Ack=6 Win=42335 Len=0;
335;Jan 13, 2022 19:10:07.487297508 CET;192.168.1.102;192.168.1.101;54154;1883;74;54154 → 1883 [SYN] Seq=0 Win=42340 Len=0 MSS=1460 SACK_PERM=1 TSval=3424521378 TSecr=0 WS=512;
336;Jan 13, 2022 19:10:07.490516542 CET;192.168.1.101;192.168.1.102;1883;54154;58;1883 → 54154 [SYN, ACK] Seq=0 Ack=1 Win=8192 Len=0 MSS=1460;
337;Jan 13, 2022 19:10:07.490532701 CET;192.168.1.102;192.168.1.101;54154;1883;54;54154 → 1883 [ACK] Seq=1 Ack=1 Win=42340 Len=0;
338;Jan 13, 2022 19:10:07.492120406 CET;192.168.1.102;192.168.1.101;54154;1883;108;Connect Command;
339;Jan 13, 2022 19:10:07.496970959 CET;192.168.1.101;192.168.1.102;1883;54154;54;1883 → 54154 [ACK] Seq=1 Ack=55 Win=8192 Len=0;
340;Jan 13, 2022 19:10:07.499603754 CET;192.168.1.101;192.168.1.102;1883;54154;58;Connect Ack;
341;Jan 13, 2022 19:10:07.499626653 CET;192.168.1.102;192.168.1.101;54154;1883;54;54154 → 1883 [ACK] Seq=55 Ack=5 Win=42336 Len=0;
342;Jan 13, 2022 19:10:07.499762145 CET;192.168.1.102;192.168.1.101;54154;1883;73;Publish Message [topic];message027
343;Jan 13, 2022 19:10:07.499807979 CET;192.168.1.102;192.168.1.101;54154;1883;56;Disconnect Req;
344;Jan 13, 2022 19:10:07.704520785 CET;192.168.1.102;192.168.1.101;54154;1883;75;[TCP Retransmission] 54154 → 1883 [FIN, PSH, ACK] Seq=55 Ack=5 Win=42336 Len=21;
345;Jan 13, 2022 19:10:07.707984062 CET;192.168.1.101;192.168.1.102;1883;54154;54;1883 → 54154 [FIN, ACK] Seq=5 Ack=77 Win=8192 Len=0;
346;Jan 13, 2022 19:10:07.707999654 CET;192.168.1.102;192.168.1.101;54154;1883;54;54154 → 1883 [ACK] Seq=77 Ack=6 Win=42335 Len=0;
347;Jan 13, 2022 19:10:17.504428264 CET;192.168.1.102;192.168.1.101;54156;1883;74;54156 → 1883 [SYN] Seq=0 Win=42340 Len=0 MSS=1460 SACK_PERM=1 TSval=3424531395 TSecr=0 WS=512;
348;Jan 13, 2022 19:10:17.507640777 CET;192.168.1.101;192.168.1.102;1883;54156;58;1883 → 54156 [SYN, ACK] Seq=0 Ack=1 Win=8192 Len=0 MSS=1460;
349;Jan 13, 2022 19:10:17.507656434 CET;192.168.1.102;192.168.1.101;54156;1883;54;54156 → 1883 [ACK] Seq=1 Ack=1 Win=42340 Len=0;
350;Jan 13, 2022 19:10:17.508292901 CET;192.168.1.102;192.168.1.101;54156;1883;108;Connect Command;
351;Jan 13, 2022 19:10:17.712588506 CET;192.168.1.102;192.168.1.101;54156;1883;108;[TCP Retransmission] 54156 → 1883 [PSH, ACK] Seq=1 Ack=1 Win=42340 Len=54;
352;Jan 13, 2022 19:10:17.734212917 CET;192.168.1.101;192.168.1.102;1883;54156;54;1883 → 54156 [ACK] Seq=1 Ack=55 Win=8192 Len=0;
353;Jan 13, 2022 19:10:17.741106089 CET;192.168.1.101;192.168.1.102;1883;54156;58;Connect Ack;
354;Jan 13, 2022 19:10:17.741127843 CET;192.168.1.102;192.168.1.101;54156;1883;54;54156 → 1883 [ACK] Seq=55 Ack=5 Win=42336 Len=0;
355;Jan 13, 2022 19:10:17.741215404 CET;192.168.1.102;192.168.1.101;54156;1883;73;Publish Message [topic];message028
356;Jan 13, 2022 19:10:17.741258091 CET;192.168.1.102;192.168.1.101;54156;1883;56;Disconnect Req;
357;Jan 13, 2022 19:10:18.156601279 CET;192.168.1.102;192.168.1.101;54156;1883;75;[TCP Retransmission] 54156 → 1883 [FIN, PSH, ACK] Seq=55 Ack=5 Win=42336 Len=21;
358;Jan 13, 2022 19:10:18.177631203 CET;192.168.1.101;192.168.1.102;1883;54156;54;1883 → 54156 [FIN, ACK] Seq=5 Ack=77 Win=8192 Len=0;
359;Jan 13, 2022 19:10:18.177666818 CET;192.168.1.102;192.168.1.101;54156;1883;54;54156 → 1883 [ACK] Seq=77 Ack=6 Win=42335 Len=0;
360;Jan 13, 2022 19:10:27.749831430 CET;192.168.1.102;192.168.1.101;54158;1883;74;54158 → 1883 [SYN] Seq=0 Win=42340 Len=0 MSS=1460 SACK_PERM=1 TSval=3424541640 TSecr=0 WS=512;
361;Jan 13, 2022 19:10:27.754439324 CET;192.168.1.101;192.168.1.102;1883;54158;58;1883 → 54158 [SYN, ACK] Seq=0 Ack=1 Win=8192 Len=0 MSS=1460;
362;Jan 13, 2022 19:10:27.754464675 CET;192.168.1.102;192.168.1.101;54158;1883;54;54158 → 1883 [ACK] Seq=1 Ack=1 Win=42340 Len=0;
363;Jan 13, 2022 19:10:27.754751385 CET;192.168.1.102;192.168.1.101;54158;1883;108;Connect Command;
364;Jan 13, 2022 19:10:27.964587053 CET;192.168.1.102;192.168.1.101;54158;1883;108;[TCP Retransmission] 54158 → 1883 [PSH, ACK] Seq=1 Ack=1 Win=42340 Len=54;
365;Jan 13, 2022 19:10:27.984858755 CET;192.168.1.101;192.168.1.102;1883;54158;54;1883 → 54158 [ACK] Seq=1 Ack=55 Win=8192 Len=0;
366;Jan 13, 2022 19:10:27.992309856 CET;192.168.1.101;192.168.1.102;1883;54158;58;Connect Ack;
367;Jan 13, 2022 19:10:27.992332375 CET;192.168.1.102;192.168.1.101;54158;1883;54;54158 → 1883 [ACK] Seq=55 Ack=5 Win=42336 Len=0;
368;Jan 13, 2022 19:10:27.992421371 CET;192.168.1.102;192.168.1.101;54158;1883;73;Publish Message [topic];message029
369;Jan 13, 2022 19:10:27.992474213 CET;192.168.1.102;192.168.1.101;54158;1883;56;Disconnect Req;
370;Jan 13, 2022 19:10:28.428540331 CET;192.168.1.102;192.168.1.101;54158;1883;75;[TCP Retransmission] 54158 → 1883 [FIN, PSH, ACK] Seq=55 Ack=5 Win=42336 Len=21;
371;Jan 13, 2022 19:10:28.431708242 CET;192.168.1.101;192.168.1.102;1883;54158;54;1883 → 54158 [FIN, ACK] Seq=5 Ack=77 Win=8192 Len=0;
372;Jan 13, 2022 19:10:28.431720935 CET;192.168.1.102;192.168.1.101;54158;1883;54;54158 → 1883 [ACK] Seq=77 Ack=6 Win=42335 Len=0;
373;Jan 13, 2022 19:10:37.997001613 CET;192.168.1.102;192.168.1.101;54160;1883;74;54160 → 1883 [SYN] Seq=0 Win=42340 Len=0 MSS=1460 SACK_PERM=1 TSval=3424551888 TSecr=0 WS=512;
374;Jan 13, 2022 19:10:37.999932370 CET;192.168.1.101;192.168.1.102;1883;54160;58;1883 → 54160 [SYN, ACK] Seq=0 Ack=1 Win=8192 Len=0 MSS=1460;
375;Jan 13, 2022 19:10:37.999944452 CET;192.168.1.102;192.168.1.101;54160;1883;54;54160 → 1883 [ACK] Seq=1 Ack=1 Win=42340 Len=0;
376;Jan 13, 2022 19:10:38.000961669 CET;192.168.1.102;192.168.1.101;54160;1883;108;Connect Command;
377;Jan 13, 2022 19:10:38.208570808 CET;192.168.1.102;192.168.1.101;54160;1883;108;[TCP Retransmission] 54160 → 1883 [PSH, ACK] Seq=1 Ack=1 Win=42340 Len=54;
378;Jan 13, 2022 19:10:38.228251368 CET;192.168.1.101;192.168.1.102;1883;54160;54;1883 → 54160 [ACK] Seq=1 Ack=55 Win=8192 Len=0;
379;Jan 13, 2022 19:10:38.236501707 CET;192.168.1.101;192.168.1.102;1883;54160;58;Connect Ack;
380;Jan 13, 2022 19:10:38.236521969 CET;192.168.1.102;192.168.1.101;54160;1883;54;54160 → 1883 [ACK] Seq=55 Ack=5 Win=42336 Len=0;
381;Jan 13, 2022 19:10:38.236664391 CET;192.168.1.102;192.168.1.101;54160;1883;73;Publish Message [topic];message030
382;Jan 13, 2022 19:10:38.236681059 CET;192.168.1.102;192.168.1.101;54160;1883;56;Disconnect Req;
383;Jan 13, 2022 19:10:38.669155148 CET;192.168.1.102;192.168.1.101;54160;1883;75;[TCP Retransmission] 54160 → 1883 [FIN, PSH, ACK] Seq=55 Ack=5 Win=42336 Len=21;
384;Jan 13, 2022 19:10:38.681352152 CET;192.168.1.101;192.168.1.102;1883;54160;54;1883 → 54160 [FIN, ACK] Seq=5 Ack=77 Win=8192 Len=0;
385;Jan 13, 2022 19:10:38.681395206 CET;192.168.1.102;192.168.1.101;54160;1883;54;54160 → 1883 [ACK] Seq=77 Ack=6 Win=42335 Len=0;
386;Jan 13, 2022 19:10:48.241347596 CET;192.168.1.102;192.168.1.101;54162;1883;74;54162 → 1883 [SYN] Seq=0 Win=42340 Len=0 MSS=1460 SACK_PERM=1 TSval=3424562132 TSecr=0 WS=512;
387;Jan 13, 2022 19:10:48.244244898 CET;192.168.1.101;192.168.1.102;1883;54162;58;1883 → 54162 [SYN, ACK] Seq=0 Ack=1 Win=8192 Len=0 MSS=1460;
388;Jan 13, 2022 19:10:48.244268511 CET;192.168.1.102;192.168.1.101;54162;1883;54;54162 → 1883 [ACK] Seq=1 Ack=1 Win=42340 Len=0;
389;Jan 13, 2022 19:10:48.244625219 CET;192.168.1.102;192.168.1.101;54162;1883;108;Connect Command;
390;Jan 13, 2022 19:10:48.452551971 CET;192.168.1.102;192.168.1.101;54162;1883;108;[TCP Retransmission] 54162 → 1883 [PSH, ACK] Seq=1 Ack=1 Win=42340 Len=54;
391;Jan 13, 2022 19:10:48.462274993 CET;192.168.1.101;192.168.1.102;1883;54162;54;1883 → 54162 [ACK] Seq=1 Ack=55 Win=8192 Len=0;
392;Jan 13, 2022 19:10:48.471151136 CET;192.168.1.101;192.168.1.102;1883;54162;58;Connect Ack;
393;Jan 13, 2022 19:10:48.471175572 CET;192.168.1.102;192.168.1.101;54162;1883;54;54162 → 1883 [ACK] Seq=55 Ack=5 Win=42336 Len=0;
394;Jan 13, 2022 19:10:48.471277378 CET;192.168.1.102;192.168.1.101;54162;1883;73;Publish Message [topic];message031
395;Jan 13, 2022 19:10:48.471316712 CET;192.168.1.102;192.168.1.101;54162;1883;56;Disconnect Req;
396;Jan 13, 2022 19:10:48.908673665 CET;192.168.1.102;192.168.1.101;54162;1883;75;[TCP Retransmission] 54162 → 1883 [FIN, PSH, ACK] Seq=55 Ack=5 Win=42336 Len=21;
397;Jan 13, 2022 19:10:48.943954358 CET;192.168.1.101;192.168.1.102;1883;54162;54;1883 → 54162 [FIN, ACK] Seq=5 Ack=77 Win=8192 Len=0;
398;Jan 13, 2022 19:10:48.943982199 CET;192.168.1.102;192.168.1.101;54162;1883;54;54162 → 1883 [ACK] Seq=77 Ack=6 Win=42335 Len=0;
399;Jan 13, 2022 19:10:58.480171202 CET;192.168.1.102;192.168.1.101;54164;1883;74;54164 → 1883 [SYN] Seq=0 Win=42340 Len=0 MSS=1460 SACK_PERM=1 TSval=3424572371 TSecr=0 WS=512;
400;Jan 13, 2022 19:10:58.482927200 CET;192.168.1.101;192.168.1.102;1883;54164;58;1883 → 54164 [SYN, ACK] Seq=0 Ack=1 Win=8192 Len=0 MSS=1460;
401;Jan 13, 2022 19:10:58.482940835 CET;192.168.1.102;192.168.1.101;54164;1883;54;54164 → 1883 [ACK] Seq=1 Ack=1 Win=42340 Len=0;
402;Jan 13, 2022 19:10:58.484100492 CET;192.168.1.102;192.168.1.101;54164;1883;108;Connect Command;
403;Jan 13, 2022 19:10:58.492014802 CET;192.168.1.101;192.168.1.102;1883;54164;54;1883 → 54164 [ACK] Seq=1 Ack=55 Win=8192 Len=0;
404;Jan 13, 2022 19:10:58.496294422 CET;192.168.1.101;192.168.1.102;1883;54164;58;Connect Ack;
405;Jan 13, 2022 19:10:58.496340478 CET;192.168.1.102;192.168.1.101;54164;1883;54;54164 → 1883 [ACK] Seq=55 Ack=5 Win=42336 Len=0;
406;Jan 13, 2022 19:10:58.496673597 CET;192.168.1.102;192.168.1.101;54164;1883;73;Publish Message [topic];message032
407;Jan 13, 2022 19:10:58.496734391 CET;192.168.1.102;192.168.1.101;54164;1883;56;Disconnect Req;
408;Jan 13, 2022 19:10:58.704872528 CET;192.168.1.102;192.168.1.101;54164;1883;75;[TCP Retransmission] 54164 → 1883 [FIN, PSH, ACK] Seq=55 Ack=5 Win=42336 Len=21;
409;Jan 13, 2022 19:10:58.709641245 CET;192.168.1.101;192.168.1.102;1883;54164;54;1883 → 54164 [FIN, ACK] Seq=5 Ack=77 Win=8192 Len=0;
410;Jan 13, 2022 19:10:58.709667507 CET;192.168.1.102;192.168.1.101;54164;1883;54;54164 → 1883 [ACK] Seq=77 Ack=6 Win=42335 Len=0;
411;Jan 13, 2022 19:11:08.504740541 CET;192.168.1.102;192.168.1.101;54166;1883;74;54166 → 1883 [SYN] Seq=0 Win=42340 Len=0 MSS=1460 SACK_PERM=1 TSval=3424582395 TSecr=0 WS=512;
412;Jan 13, 2022 19:11:08.509396757 CET;192.168.1.101;192.168.1.102;1883;54166;58;1883 → 54166 [SYN, ACK] Seq=0 Ack=1 Win=8192 Len=0 MSS=1460;
413;Jan 13, 2022 19:11:08.509428248 CET;192.168.1.102;192.168.1.101;54166;1883;54;54166 → 1883 [ACK] Seq=1 Ack=1 Win=42340 Len=0;
414;Jan 13, 2022 19:11:08.509598366 CET;192.168.1.102;192.168.1.101;54166;1883;108;Connect Command;
415;Jan 13, 2022 19:11:08.720545499 CET;192.168.1.102;192.168.1.101;54166;1883;108;[TCP Retransmission] 54166 → 1883 [PSH, ACK] Seq=1 Ack=1 Win=42340 Len=54;
416;Jan 13, 2022 19:11:08.726436299 CET;192.168.1.101;192.168.1.102;1883;54166;54;1883 → 54166 [ACK] Seq=1 Ack=55 Win=8192 Len=0;
417;Jan 13, 2022 19:11:08.732445027 CET;192.168.1.101;192.168.1.102;1883;54166;58;Connect Ack;
418;Jan 13, 2022 19:11:08.732484905 CET;192.168.1.102;192.168.1.101;54166;1883;54;54166 → 1883 [ACK] Seq=55 Ack=5 Win=42336 Len=0;
419;Jan 13, 2022 19:11:08.732654731 CET;192.168.1.102;192.168.1.101;54166;1883;73;Publish Message [topic];message033
420;Jan 13, 2022 19:11:08.732673714 CET;192.168.1.102;192.168.1.101;54166;1883;56;Disconnect Req;
421;Jan 13, 2022 19:11:09.164706094 CET;192.168.1.102;192.168.1.101;54166;1883;75;[TCP Retransmission] 54166 → 1883 [FIN, PSH, ACK] Seq=55 Ack=5 Win=42336 Len=21;
422;Jan 13, 2022 19:11:09.173491525 CET;192.168.1.101;192.168.1.102;1883;54166;54;1883 → 54166 [FIN, ACK] Seq=5 Ack=77 Win=8192 Len=0;
423;Jan 13, 2022 19:11:09.173513296 CET;192.168.1.102;192.168.1.101;54166;1883;54;54166 → 1883 [ACK] Seq=77 Ack=6 Win=42335 Len=0;
424;Jan 13, 2022 19:11:18.738039506 CET;192.168.1.102;192.168.1.101;54168;1883;74;54168 → 1883 [SYN] Seq=0 Win=42340 Len=0 MSS=1460 SACK_PERM=1 TSval=3424592629 TSecr=0 WS=512;
425;Jan 13, 2022 19:11:18.741131815 CET;192.168.1.101;192.168.1.102;1883;54168;58;1883 → 54168 [SYN, ACK] Seq=0 Ack=1 Win=8192 Len=0 MSS=1460;
426;Jan 13, 2022 19:11:18.741145144 CET;192.168.1.102;192.168.1.101;54168;1883;54;54168 → 1883 [ACK] Seq=1 Ack=1 Win=42340 Len=0;
427;Jan 13, 2022 19:11:18.741658197 CET;192.168.1.102;192.168.1.101;54168;1883;108;Connect Command;
428;Jan 13, 2022 19:11:18.948661409 CET;192.168.1.102;192.168.1.101;54168;1883;108;[TCP Retransmission] 54168 → 1883 [PSH, ACK] Seq=1 Ack=1 Win=42340 Len=54;
429;Jan 13, 2022 19:11:18.952208879 CET;192.168.1.101;192.168.1.102;1883;54168;54;1883 → 54168 [ACK] Seq=1 Ack=55 Win=8192 Len=0;
430;Jan 13, 2022 19:11:18.956699754 CET;192.168.1.101;192.168.1.102;1883;54168;58;Connect Ack;
431;Jan 13, 2022 19:11:18.956716412 CET;192.168.1.102;192.168.1.101;54168;1883;54;54168 → 1883 [ACK] Seq=55 Ack=5 Win=42336 Len=0;
432;Jan 13, 2022 19:11:18.956776288 CET;192.168.1.102;192.168.1.101;54168;1883;73;Publish Message [topic];message034
433;Jan 13, 2022 19:11:18.956801937 CET;192.168.1.102;192.168.1.101;54168;1883;56;Disconnect Req;
434;Jan 13, 2022 19:11:19.373070265 CET;192.168.1.102;192.168.1.101;54168;1883;75;[TCP Retransmission] 54168 → 1883 [FIN, PSH, ACK] Seq=55 Ack=5 Win=42336 Len=21;
435;Jan 13, 2022 19:11:19.378190423 CET;192.168.1.101;192.168.1.102;1883;54168;54;1883 → 54168 [FIN, ACK] Seq=5 Ack=77 Win=8192 Len=0;
436;Jan 13, 2022 19:11:19.378216902 CET;192.168.1.102;192.168.1.101;54168;1883;54;54168 → 1883 [ACK] Seq=77 Ack=6 Win=42335 Len=0;
437;Jan 13, 2022 19:11:28.960605273 CET;192.168.1.102;192.168.1.101;54170;1883;74;54170 → 1883 [SYN] Seq=0 Win=42340 Len=0 MSS=1460 SACK_PERM=1 TSval=3424602851 TSecr=0 WS=512;
438;Jan 13, 2022 19:11:28.963285120 CET;192.168.1.101;192.168.1.102;1883;54170;58;1883 → 54170 [SYN, ACK] Seq=0 Ack=1 Win=8192 Len=0 MSS=1460;
439;Jan 13, 2022 19:11:28.963297825 CET;192.168.1.102;192.168.1.101;54170;1883;54;54170 → 1883 [ACK] Seq=1 Ack=1 Win=42340 Len=0;
440;Jan 13, 2022 19:11:28.964586536 CET;192.168.1.102;192.168.1.101;54170;1883;108;Connect Command;
441;Jan 13, 2022 19:11:28.970011788 CET;192.168.1.101;192.168.1.102;1883;54170;54;1883 → 54170 [ACK] Seq=1 Ack=55 Win=8192 Len=0;
442;Jan 13, 2022 19:11:28.973262732 CET;192.168.1.101;192.168.1.102;1883;54170;58;Connect Ack;
443;Jan 13, 2022 19:11:28.973292233 CET;192.168.1.102;192.168.1.101;54170;1883;54;54170 → 1883 [ACK] Seq=55 Ack=5 Win=42336 Len=0;
444;Jan 13, 2022 19:11:28.973351147 CET;192.168.1.102;192.168.1.101;54170;1883;73;Publish Message [topic];message035
445;Jan 13, 2022 19:11:28.973376687 CET;192.168.1.102;192.168.1.101;54170;1883;56;Disconnect Req;
446;Jan 13, 2022 19:11:29.180996779 CET;192.168.1.102;192.168.1.101;54170;1883;75;[TCP Retransmission] 54170 → 1883 [FIN, PSH, ACK] Seq=55 Ack=5 Win=42336 Len=21;
447;Jan 13, 2022 19:11:29.200778676 CET;192.168.1.101;192.168.1.102;1883;54170;54;1883 → 54170 [FIN, ACK] Seq=5 Ack=77 Win=8192 Len=0;
448;Jan 13, 2022 19:11:29.200820040 CET;192.168.1.102;192.168.1.101;54170;1883;54;54170 → 1883 [ACK] Seq=77 Ack=6 Win=42335 Len=0;
449;Jan 13, 2022 19:11:38.980418398 CET;192.168.1.102;192.168.1.101;54172;1883;74;54172 → 1883 [SYN] Seq=0 Win=42340 Len=0 MSS=1460 SACK_PERM=1 TSval=3424612871 TSecr=0 WS=512;
450;Jan 13, 2022 19:11:38.985078305 CET;192.168.1.101;192.168.1.102;1883;54172;58;1883 → 54172 [SYN, ACK] Seq=0 Ack=1 Win=8192 Len=0 MSS=1460;
451;Jan 13, 2022 19:11:38.985110371 CET;192.168.1.102;192.168.1.101;54172;1883;54;54172 → 1883 [ACK] Seq=1 Ack=1 Win=42340 Len=0;
452;Jan 13, 2022 19:11:38.985413182 CET;192.168.1.102;192.168.1.101;54172;1883;108;Connect Command;
453;Jan 13, 2022 19:11:39.196535174 CET;192.168.1.102;192.168.1.101;54172;1883;108;[TCP Retransmission] 54172 → 1883 [PSH, ACK] Seq=1 Ack=1 Win=42340 Len=54;
454;Jan 13, 2022 19:11:39.201989580 CET;192.168.1.101;192.168.1.102;1883;54172;54;1883 → 54172 [ACK] Seq=1 Ack=55 Win=8192 Len=0;
455;Jan 13, 2022 19:11:39.205022822 CET;192.168.1.101;192.168.1.102;1883;54172;58;Connect Ack;
456;Jan 13, 2022 19:11:39.205041557 CET;192.168.1.102;192.168.1.101;54172;1883;54;54172 → 1883 [ACK] Seq=55 Ack=5 Win=42336 Len=0;
457;Jan 13, 2022 19:11:39.205107897 CET;192.168.1.102;192.168.1.101;54172;1883;73;Publish Message [topic];message036
458;Jan 13, 2022 19:11:39.205139584 CET;192.168.1.102;192.168.1.101;54172;1883;56;Disconnect Req;
459;Jan 13, 2022 19:11:39.628867582 CET;192.168.1.102;192.168.1.101;54172;1883;75;[TCP Retransmission] 54172 → 1883 [FIN, PSH, ACK] Seq=55 Ack=5 Win=42336 Len=21;
460;Jan 13, 2022 19:11:39.634352588 CET;192.168.1.101;192.168.1.102;1883;54172;54;1883 → 54172 [FIN, ACK] Seq=5 Ack=77 Win=8192 Len=0;
461;Jan 13, 2022 19:11:39.634372938 CET;192.168.1.102;192.168.1.101;54172;1883;54;54172 → 1883 [ACK] Seq=77 Ack=6 Win=42335 Len=0;
462;Jan 13, 2022 19:11:49.219090573 CET;192.168.1.102;192.168.1.101;54174;1883;74;54174 → 1883 [SYN] Seq=0 Win=42340 Len=0 MSS=1460 SACK_PERM=1 TSval=3424623110 TSecr=0 WS=512;
463;Jan 13, 2022 19:11:49.236408522 CET;192.168.1.101;192.168.1.102;1883;54174;58;1883 → 54174 [SYN, ACK] Seq=0 Ack=1 Win=8192 Len=0 MSS=1460;
464;Jan 13, 2022 19:11:49.236426324 CET;192.168.1.102;192.168.1.101;54174;1883;54;54174 → 1883 [ACK] Seq=1 Ack=1 Win=42340 Len=0;
465;Jan 13, 2022 19:11:49.236479081 CET;192.168.1.102;192.168.1.101;54174;1883;108;Connect Command;
466;Jan 13, 2022 19:11:49.456518492 CET;192.168.1.102;192.168.1.101;54174;1883;108;[TCP Retransmission] 54174 → 1883 [PSH, ACK] Seq=1 Ack=1 Win=42340 Len=54;
467;Jan 13, 2022 19:11:49.461048065 CET;192.168.1.101;192.168.1.102;1883;54174;54;1883 → 54174 [ACK] Seq=1 Ack=55 Win=8192 Len=0;
468;Jan 13, 2022 19:11:49.465014804 CET;192.168.1.101;192.168.1.102;1883;54174;58;Connect Ack;
469;Jan 13, 2022 19:11:49.465029099 CET;192.168.1.102;192.168.1.101;54174;1883;54;54174 → 1883 [ACK] Seq=55 Ack=5 Win=42336 Len=0;
470;Jan 13, 2022 19:11:49.465085312 CET;192.168.1.102;192.168.1.101;54174;1883;73;Publish Message [topic];message037
471;Jan 13, 2022 19:11:49.465111944 CET;192.168.1.102;192.168.1.101;54174;1883;56;Disconnect Req;
472;Jan 13, 2022 19:11:49.932544215 CET;192.168.1.102;192.168.1.101;54174;1883;75;[TCP Retransmission] 54174 → 1883 [FIN, PSH, ACK] Seq=55 Ack=5 Win=42336 Len=21;
473;Jan 13, 2022 19:11:49.935769653 CET;192.168.1.101;192.168.1.102;1883;54174;54;1883 → 54174 [FIN, ACK] Seq=5 Ack=77 Win=8192 Len=0;
474;Jan 13, 2022 19:11:49.935789644 CET;192.168.1.102;192.168.1.101;54174;1883;54;54174 → 1883 [ACK] Seq=77 Ack=6 Win=42335 Len=0;
475;Jan 13, 2022 19:11:59.469503193 CET;192.168.1.102;192.168.1.101;54176;1883;74;54176 → 1883 [SYN] Seq=0 Win=42340 Len=0 MSS=1460 SACK_PERM=1 TSval=3424633360 TSecr=0 WS=512;
476;Jan 13, 2022 19:11:59.472444409 CET;192.168.1.101;192.168.1.102;1883;54176;58;1883 → 54176 [SYN, ACK] Seq=0 Ack=1 Win=8192 Len=0 MSS=1460;
477;Jan 13, 2022 19:11:59.472459883 CET;192.168.1.102;192.168.1.101;54176;1883;54;54176 → 1883 [ACK] Seq=1 Ack=1 Win=42340 Len=0;
478;Jan 13, 2022 19:11:59.473770731 CET;192.168.1.102;192.168.1.101;54176;1883;108;Connect Command;
479;Jan 13, 2022 19:11:59.680522997 CET;192.168.1.102;192.168.1.101;54176;1883;108;[TCP Retransmission] 54176 → 1883 [PSH, ACK] Seq=1 Ack=1 Win=42340 Len=54;
480;Jan 13, 2022 19:11:59.692945879 CET;192.168.1.101;192.168.1.102;1883;54176;54;1883 → 54176 [ACK] Seq=1 Ack=55 Win=8192 Len=0;
481;Jan 13, 2022 19:11:59.703241288 CET;192.168.1.101;192.168.1.102;1883;54176;58;Connect Ack;
482;Jan 13, 2022 19:11:59.703265726 CET;192.168.1.102;192.168.1.101;54176;1883;54;54176 → 1883 [ACK] Seq=55 Ack=5 Win=42336 Len=0;
483;Jan 13, 2022 19:11:59.703386554 CET;192.168.1.102;192.168.1.101;54176;1883;73;Publish Message [topic];message038
484;Jan 13, 2022 19:11:59.703441682 CET;192.168.1.102;192.168.1.101;54176;1883;56;Disconnect Req;
485;Jan 13, 2022 19:12:00.140654649 CET;192.168.1.102;192.168.1.101;54176;1883;75;[TCP Retransmission] 54176 → 1883 [FIN, PSH, ACK] Seq=55 Ack=5 Win=42336 Len=21;
486;Jan 13, 2022 19:12:00.169648648 CET;192.168.1.101;192.168.1.102;1883;54176;54;1883 → 54176 [FIN, ACK] Seq=5 Ack=77 Win=8192 Len=0;
487;Jan 13, 2022 19:12:00.169712040 CET;192.168.1.102;192.168.1.101;54176;1883;54;54176 → 1883 [ACK] Seq=77 Ack=6 Win=42335 Len=0;
488;Jan 13, 2022 19:12:09.709822048 CET;192.168.1.102;192.168.1.101;54178;1883;74;54178 → 1883 [SYN] Seq=0 Win=42340 Len=0 MSS=1460 SACK_PERM=1 TSval=3424643600 TSecr=0 WS=512;
489;Jan 13, 2022 19:12:09.712519997 CET;192.168.1.101;192.168.1.102;1883;54178;58;1883 → 54178 [SYN, ACK] Seq=0 Ack=1 Win=8192 Len=0 MSS=1460;
490;Jan 13, 2022 19:12:09.712555177 CET;192.168.1.102;192.168.1.101;54178;1883;54;54178 → 1883 [ACK] Seq=1 Ack=1 Win=42340 Len=0;
491;Jan 13, 2022 19:12:09.713820116 CET;192.168.1.102;192.168.1.101;54178;1883;108;Connect Command;
492;Jan 13, 2022 19:12:09.719564673 CET;192.168.1.101;192.168.1.102;1883;54178;54;1883 → 54178 [ACK] Seq=1 Ack=55 Win=8192 Len=0;
493;Jan 13, 2022 19:12:09.722844290 CET;192.168.1.101;192.168.1.102;1883;54178;58;Connect Ack;
494;Jan 13, 2022 19:12:09.722862695 CET;192.168.1.102;192.168.1.101;54178;1883;54;54178 → 1883 [ACK] Seq=55 Ack=5 Win=42336 Len=0;
495;Jan 13, 2022 19:12:09.722942411 CET;192.168.1.102;192.168.1.101;54178;1883;73;Publish Message [topic];message039
496;Jan 13, 2022 19:12:09.722978684 CET;192.168.1.102;192.168.1.101;54178;1883;56;Disconnect Req;
497;Jan 13, 2022 19:12:09.928634998 CET;192.168.1.102;192.168.1.101;54178;1883;75;[TCP Retransmission] 54178 → 1883 [FIN, PSH, ACK] Seq=55 Ack=5 Win=42336 Len=21;
498;Jan 13, 2022 19:12:09.949015398 CET;192.168.1.101;192.168.1.102;1883;54178;54;1883 → 54178 [FIN, ACK] Seq=5 Ack=77 Win=8192 Len=0;
499;Jan 13, 2022 19:12:09.949050829 CET;192.168.1.102;192.168.1.101;54178;1883;54;54178 → 1883 [ACK] Seq=77 Ack=6 Win=42335 Len=0;
500;Jan 13, 2022 19:12:19.734739165 CET;192.168.1.102;192.168.1.101;54182;1883;74;54182 → 1883 [SYN] Seq=0 Win=42340 Len=0 MSS=1460 SACK_PERM=1 TSval=3424653625 TSecr=0 WS=512;
501;Jan 13, 2022 19:12:19.746251045 CET;192.168.1.101;192.168.1.102;1883;54182;58;1883 → 54182 [SYN, ACK] Seq=0 Ack=1 Win=8192 Len=0 MSS=1460;
502;Jan 13, 2022 19:12:19.746294508 CET;192.168.1.102;192.168.1.101;54182;1883;54;54182 → 1883 [ACK] Seq=1 Ack=1 Win=42340 Len=0;
503;Jan 13, 2022 19:12:19.746393923 CET;192.168.1.102;192.168.1.101;54182;1883;108;Connect Command;
504;Jan 13, 2022 19:12:19.960520686 CET;192.168.1.102;192.168.1.101;54182;1883;108;[TCP Retransmission] 54182 → 1883 [PSH, ACK] Seq=1 Ack=1 Win=42340 Len=54;
505;Jan 13, 2022 19:12:19.963969526 CET;192.168.1.101;192.168.1.102;1883;54182;54;1883 → 54182 [ACK] Seq=1 Ack=55 Win=8192 Len=0;
506;Jan 13, 2022 19:12:19.967787050 CET;192.168.1.101;192.168.1.102;1883;54182;58;Connect Ack;
507;Jan 13, 2022 19:12:19.967809802 CET;192.168.1.102;192.168.1.101;54182;1883;54;54182 → 1883 [ACK] Seq=55 Ack=5 Win=42336 Len=0;
508;Jan 13, 2022 19:12:19.967886927 CET;192.168.1.102;192.168.1.101;54182;1883;73;Publish Message [topic];message040
509;Jan 13, 2022 19:12:19.967916502 CET;192.168.1.102;192.168.1.101;54182;1883;56;Disconnect Req;
510;Jan 13, 2022 19:12:20.396521854 CET;192.168.1.102;192.168.1.101;54182;1883;75;[TCP Retransmission] 54182 → 1883 [FIN, PSH, ACK] Seq=55 Ack=5 Win=42336 Len=21;
511;Jan 13, 2022 19:12:20.401957978 CET;192.168.1.101;192.168.1.102;1883;54182;54;1883 → 54182 [FIN, ACK] Seq=5 Ack=77 Win=8192 Len=0;
512;Jan 13, 2022 19:12:20.401978644 CET;192.168.1.102;192.168.1.101;54182;1883;54;54182 → 1883 [ACK] Seq=77 Ack=6 Win=42335 Len=0;
513;Jan 13, 2022 19:12:29.979132249 CET;192.168.1.102;192.168.1.101;54184;1883;74;54184 → 1883 [SYN] Seq=0 Win=42340 Len=0 MSS=1460 SACK_PERM=1 TSval=3424663870 TSecr=0 WS=512;
514;Jan 13, 2022 19:12:29.994254545 CET;192.168.1.101;192.168.1.102;1883;54184;58;1883 → 54184 [SYN, ACK] Seq=0 Ack=1 Win=8192 Len=0 MSS=1460;
515;Jan 13, 2022 19:12:29.994293958 CET;192.168.1.102;192.168.1.101;54184;1883;54;54184 → 1883 [ACK] Seq=1 Ack=1 Win=42340 Len=0;
516;Jan 13, 2022 19:12:29.994390463 CET;192.168.1.102;192.168.1.101;54184;1883;108;Connect Command;
517;Jan 13, 2022 19:12:30.212594018 CET;192.168.1.102;192.168.1.101;54184;1883;108;[TCP Retransmission] 54184 → 1883 [PSH, ACK] Seq=1 Ack=1 Win=42340 Len=54;
518;Jan 13, 2022 19:12:30.234200732 CET;192.168.1.101;192.168.1.102;1883;54184;54;1883 → 54184 [ACK] Seq=1 Ack=55 Win=8192 Len=0;
519;Jan 13, 2022 19:12:30.242201701 CET;192.168.1.101;192.168.1.102;1883;54184;58;Connect Ack;
520;Jan 13, 2022 19:12:30.242224391 CET;192.168.1.102;192.168.1.101;54184;1883;54;54184 → 1883 [ACK] Seq=55 Ack=5 Win=42336 Len=0;
521;Jan 13, 2022 19:12:30.242325946 CET;192.168.1.102;192.168.1.101;54184;1883;73;Publish Message [topic];message041
522;Jan 13, 2022 19:12:30.242376906 CET;192.168.1.102;192.168.1.101;54184;1883;56;Disconnect Req;
523;Jan 13, 2022 19:12:30.700517417 CET;192.168.1.102;192.168.1.101;54184;1883;75;[TCP Retransmission] 54184 → 1883 [FIN, PSH, ACK] Seq=55 Ack=5 Win=42336 Len=21;
524;Jan 13, 2022 19:12:30.706984696 CET;192.168.1.101;192.168.1.102;1883;54184;54;1883 → 54184 [FIN, ACK] Seq=5 Ack=77 Win=8192 Len=0;
525;Jan 13, 2022 19:12:30.707008292 CET;192.168.1.102;192.168.1.101;54184;1883;54;54184 → 1883 [ACK] Seq=77 Ack=6 Win=42335 Len=0;
526;Jan 13, 2022 19:12:40.247609694 CET;192.168.1.102;192.168.1.101;54186;1883;74;54186 → 1883 [SYN] Seq=0 Win=42340 Len=0 MSS=1460 SACK_PERM=1 TSval=3424674138 TSecr=0 WS=512;
527;Jan 13, 2022 19:12:40.250973406 CET;192.168.1.101;192.168.1.102;1883;54186;58;1883 → 54186 [SYN, ACK] Seq=0 Ack=1 Win=8192 Len=0 MSS=1460;
528;Jan 13, 2022 19:12:40.251005457 CET;192.168.1.102;192.168.1.101;54186;1883;54;54186 → 1883 [ACK] Seq=1 Ack=1 Win=42340 Len=0;
529;Jan 13, 2022 19:12:40.252561040 CET;192.168.1.102;192.168.1.101;54186;1883;108;Connect Command;
530;Jan 13, 2022 19:12:40.460645292 CET;192.168.1.102;192.168.1.101;54186;1883;108;[TCP Retransmission] 54186 → 1883 [PSH, ACK] Seq=1 Ack=1 Win=42340 Len=54;
531;Jan 13, 2022 19:12:40.475568204 CET;192.168.1.101;192.168.1.102;1883;54186;54;1883 → 54186 [ACK] Seq=1 Ack=55 Win=8192 Len=0;
532;Jan 13, 2022 19:12:40.479457258 CET;192.168.1.101;192.168.1.102;1883;54186;58;Connect Ack;
533;Jan 13, 2022 19:12:40.479476421 CET;192.168.1.102;192.168.1.101;54186;1883;54;54186 → 1883 [ACK] Seq=55 Ack=5 Win=42336 Len=0;
534;Jan 13, 2022 19:12:40.479568588 CET;192.168.1.102;192.168.1.101;54186;1883;73;Publish Message [topic];message042
535;Jan 13, 2022 19:12:40.479613015 CET;192.168.1.102;192.168.1.101;54186;1883;56;Disconnect Req;
536;Jan 13, 2022 19:12:40.908534079 CET;192.168.1.102;192.168.1.101;54186;1883;75;[TCP Retransmission] 54186 → 1883 [FIN, PSH, ACK] Seq=55 Ack=5 Win=42336 Len=21;
537;Jan 13, 2022 19:12:40.911806471 CET;192.168.1.101;192.168.1.102;1883;54186;54;1883 → 54186 [FIN, ACK] Seq=5 Ack=77 Win=8192 Len=0;
538;Jan 13, 2022 19:12:40.911823285 CET;192.168.1.102;192.168.1.101;54186;1883;54;54186 → 1883 [ACK] Seq=77 Ack=6 Win=42335 Len=0;
539;Jan 13, 2022 19:12:50.491982054 CET;192.168.1.102;192.168.1.101;54188;1883;74;54188 → 1883 [SYN] Seq=0 Win=42340 Len=0 MSS=1460 SACK_PERM=1 TSval=3424684383 TSecr=0 WS=512;
540;Jan 13, 2022 19:12:50.503899720 CET;192.168.1.101;192.168.1.102;1883;54188;58;1883 → 54188 [SYN, ACK] Seq=0 Ack=1 Win=8192 Len=0 MSS=1460;
541;Jan 13, 2022 19:12:50.503947693 CET;192.168.1.102;192.168.1.101;54188;1883;54;54188 → 1883 [ACK] Seq=1 Ack=1 Win=42340 Len=0;
542;Jan 13, 2022 19:12:50.504065972 CET;192.168.1.102;192.168.1.101;54188;1883;108;Connect Command;
543;Jan 13, 2022 19:12:50.716571130 CET;192.168.1.102;192.168.1.101;54188;1883;108;[TCP Retransmission] 54188 → 1883 [PSH, ACK] Seq=1 Ack=1 Win=42340 Len=54;
544;Jan 13, 2022 19:12:50.741551785 CET;192.168.1.101;192.168.1.102;1883;54188;54;1883 → 54188 [ACK] Seq=1 Ack=55 Win=8192 Len=0;
545;Jan 13, 2022 19:12:50.747199408 CET;192.168.1.101;192.168.1.102;1883;54188;58;Connect Ack;
546;Jan 13, 2022 19:12:50.747216346 CET;192.168.1.102;192.168.1.101;54188;1883;54;54188 → 1883 [ACK] Seq=55 Ack=5 Win=42336 Len=0;
547;Jan 13, 2022 19:12:50.747296174 CET;192.168.1.102;192.168.1.101;54188;1883;73;Publish Message [topic];message043
548;Jan 13, 2022 19:12:50.747337964 CET;192.168.1.102;192.168.1.101;54188;1883;56;Disconnect Req;
549;Jan 13, 2022 19:12:51.180618805 CET;192.168.1.102;192.168.1.101;54188;1883;75;[TCP Retransmission] 54188 → 1883 [FIN, PSH, ACK] Seq=55 Ack=5 Win=42336 Len=21;
550;Jan 13, 2022 19:12:51.200901527 CET;192.168.1.101;192.168.1.102;1883;54188;54;1883 → 54188 [FIN, ACK] Seq=5 Ack=77 Win=8192 Len=0;
551;Jan 13, 2022 19:12:51.200941908 CET;192.168.1.102;192.168.1.101;54188;1883;54;54188 → 1883 [ACK] Seq=77 Ack=6 Win=42335 Len=0;
552;Jan 13, 2022 19:13:00.752132769 CET;192.168.1.102;192.168.1.101;54190;1883;74;54190 → 1883 [SYN] Seq=0 Win=42340 Len=0 MSS=1460 SACK_PERM=1 TSval=3424694643 TSecr=0 WS=512;
553;Jan 13, 2022 19:13:00.755218933 CET;192.168.1.101;192.168.1.102;1883;54190;58;1883 → 54190 [SYN, ACK] Seq=0 Ack=1 Win=8192 Len=0 MSS=1460;
554;Jan 13, 2022 19:13:00.755231808 CET;192.168.1.102;192.168.1.101;54190;1883;54;54190 → 1883 [ACK] Seq=1 Ack=1 Win=42340 Len=0;
555;Jan 13, 2022 19:13:00.755369959 CET;192.168.1.102;192.168.1.101;54190;1883;108;Connect Command;
556;Jan 13, 2022 19:13:00.960839540 CET;192.168.1.102;192.168.1.101;54190;1883;108;[TCP Retransmission] 54190 → 1883 [PSH, ACK] Seq=1 Ack=1 Win=42340 Len=54;
557;Jan 13, 2022 19:13:00.981854944 CET;192.168.1.101;192.168.1.102;1883;54190;54;1883 → 54190 [ACK] Seq=1 Ack=55 Win=8192 Len=0;
558;Jan 13, 2022 19:13:00.989638959 CET;192.168.1.101;192.168.1.102;1883;54190;58;Connect Ack;
559;Jan 13, 2022 19:13:00.989674704 CET;192.168.1.102;192.168.1.101;54190;1883;54;54190 → 1883 [ACK] Seq=55 Ack=5 Win=42336 Len=0;
560;Jan 13, 2022 19:13:00.989868400 CET;192.168.1.102;192.168.1.101;54190;1883;73;Publish Message [topic];message044
561;Jan 13, 2022 19:13:00.989939017 CET;192.168.1.102;192.168.1.101;54190;1883;56;Disconnect Req;
562;Jan 13, 2022 19:13:01.420522773 CET;192.168.1.102;192.168.1.101;54190;1883;75;[TCP Retransmission] 54190 → 1883 [FIN, PSH, ACK] Seq=55 Ack=5 Win=42336 Len=21;
563;Jan 13, 2022 19:13:01.423820124 CET;192.168.1.101;192.168.1.102;1883;54190;54;1883 → 54190 [FIN, ACK] Seq=5 Ack=77 Win=8192 Len=0;
564;Jan 13, 2022 19:13:01.423840024 CET;192.168.1.102;192.168.1.101;54190;1883;54;54190 → 1883 [ACK] Seq=77 Ack=6 Win=42335 Len=0;
565;Jan 13, 2022 19:13:10.994518172 CET;192.168.1.102;192.168.1.101;54192;1883;74;54192 → 1883 [SYN] Seq=0 Win=42340 Len=0 MSS=1460 SACK_PERM=1 TSval=3424704885 TSecr=0 WS=512;
566;Jan 13, 2022 19:13:10.997259894 CET;192.168.1.101;192.168.1.102;1883;54192;58;1883 → 54192 [SYN, ACK] Seq=0 Ack=1 Win=8192 Len=0 MSS=1460;
567;Jan 13, 2022 19:13:10.997275117 CET;192.168.1.102;192.168.1.101;54192;1883;54;54192 → 1883 [ACK] Seq=1 Ack=1 Win=42340 Len=0;
568;Jan 13, 2022 19:13:10.998404623 CET;192.168.1.102;192.168.1.101;54192;1883;108;Connect Command;
569;Jan 13, 2022 19:13:11.005062356 CET;192.168.1.101;192.168.1.102;1883;54192;54;1883 → 54192 [ACK] Seq=1 Ack=55 Win=8192 Len=0;
570;Jan 13, 2022 19:13:11.007564016 CET;192.168.1.101;192.168.1.102;1883;54192;58;Connect Ack;
571;Jan 13, 2022 19:13:11.007575411 CET;192.168.1.102;192.168.1.101;54192;1883;54;54192 → 1883 [ACK] Seq=55 Ack=5 Win=42336 Len=0;
572;Jan 13, 2022 19:13:11.007690629 CET;192.168.1.102;192.168.1.101;54192;1883;73;Publish Message [topic];message045
573;Jan 13, 2022 19:13:11.007732830 CET;192.168.1.102;192.168.1.101;54192;1883;56;Disconnect Req;
574;Jan 13, 2022 19:13:11.212791774 CET;192.168.1.102;192.168.1.101;54192;1883;75;[TCP Retransmission] 54192 → 1883 [FIN, PSH, ACK] Seq=55 Ack=5 Win=42336 Len=21;
575;Jan 13, 2022 19:13:11.233280145 CET;192.168.1.101;192.168.1.102;1883;54192;54;1883 → 54192 [FIN, ACK] Seq=5 Ack=77 Win=8192 Len=0;
576;Jan 13, 2022 19:13:11.233320330 CET;192.168.1.102;192.168.1.101;54192;1883;54;54192 → 1883 [ACK] Seq=77 Ack=6 Win=42335 Len=0;
577;Jan 13, 2022 19:13:21.023209374 CET;192.168.1.102;192.168.1.101;54194;1883;74;54194 → 1883 [SYN] Seq=0 Win=42340 Len=0 MSS=1460 SACK_PERM=1 TSval=3424714914 TSecr=0 WS=512;
578;Jan 13, 2022 19:13:21.034493221 CET;192.168.1.101;192.168.1.102;1883;54194;58;1883 → 54194 [SYN, ACK] Seq=0 Ack=1 Win=8192 Len=0 MSS=1460;
579;Jan 13, 2022 19:13:21.034535315 CET;192.168.1.102;192.168.1.101;54194;1883;54;54194 → 1883 [ACK] Seq=1 Ack=1 Win=42340 Len=0;
580;Jan 13, 2022 19:13:21.034629990 CET;192.168.1.102;192.168.1.101;54194;1883;108;Connect Command;
581;Jan 13, 2022 19:13:21.248972348 CET;192.168.1.102;192.168.1.101;54194;1883;108;[TCP Retransmission] 54194 → 1883 [PSH, ACK] Seq=1 Ack=1 Win=42340 Len=54;
582;Jan 13, 2022 19:13:21.253928957 CET;192.168.1.101;192.168.1.102;1883;54194;54;1883 → 54194 [ACK] Seq=1 Ack=55 Win=8192 Len=0;
583;Jan 13, 2022 19:13:21.257709975 CET;192.168.1.101;192.168.1.102;1883;54194;58;Connect Ack;
584;Jan 13, 2022 19:13:21.257722766 CET;192.168.1.102;192.168.1.101;54194;1883;54;54194 → 1883 [ACK] Seq=55 Ack=5 Win=42336 Len=0;
585;Jan 13, 2022 19:13:21.257789879 CET;192.168.1.102;192.168.1.101;54194;1883;73;Publish Message [topic];message046
586;Jan 13, 2022 19:13:21.257823985 CET;192.168.1.102;192.168.1.101;54194;1883;56;Disconnect Req;
587;Jan 13, 2022 19:13:21.708667229 CET;192.168.1.102;192.168.1.101;54194;1883;75;[TCP Retransmission] 54194 → 1883 [FIN, PSH, ACK] Seq=55 Ack=5 Win=42336 Len=21;
588;Jan 13, 2022 19:13:21.714081608 CET;192.168.1.101;192.168.1.102;1883;54194;54;1883 → 54194 [FIN, ACK] Seq=5 Ack=77 Win=8192 Len=0;
589;Jan 13, 2022 19:13:21.714104167 CET;192.168.1.102;192.168.1.101;54194;1883;54;54194 → 1883 [ACK] Seq=77 Ack=6 Win=42335 Len=0;
590;Jan 13, 2022 19:13:31.264839178 CET;192.168.1.102;192.168.1.101;54196;1883;74;54196 → 1883 [SYN] Seq=0 Win=42340 Len=0 MSS=1460 SACK_PERM=1 TSval=3424725155 TSecr=0 WS=512;
591;Jan 13, 2022 19:13:31.272212159 CET;192.168.1.101;192.168.1.102;1883;54196;58;1883 → 54196 [SYN, ACK] Seq=0 Ack=1 Win=8192 Len=0 MSS=1460;
592;Jan 13, 2022 19:13:31.272250792 CET;192.168.1.102;192.168.1.101;54196;1883;54;54196 → 1883 [ACK] Seq=1 Ack=1 Win=42340 Len=0;
593;Jan 13, 2022 19:13:31.272920835 CET;192.168.1.102;192.168.1.101;54196;1883;108;Connect Command;
594;Jan 13, 2022 19:13:31.484982976 CET;192.168.1.102;192.168.1.101;54196;1883;108;[TCP Retransmission] 54196 → 1883 [PSH, ACK] Seq=1 Ack=1 Win=42340 Len=54;
595;Jan 13, 2022 19:13:31.505624700 CET;192.168.1.101;192.168.1.102;1883;54196;54;1883 → 54196 [ACK] Seq=1 Ack=55 Win=8192 Len=0;
596;Jan 13, 2022 19:13:31.513146448 CET;192.168.1.101;192.168.1.102;1883;54196;58;Connect Ack;
597;Jan 13, 2022 19:13:31.513169390 CET;192.168.1.102;192.168.1.101;54196;1883;54;54196 → 1883 [ACK] Seq=55 Ack=5 Win=42336 Len=0;
598;Jan 13, 2022 19:13:31.513266677 CET;192.168.1.102;192.168.1.101;54196;1883;73;Publish Message [topic];message047
599;Jan 13, 2022 19:13:31.513318028 CET;192.168.1.102;192.168.1.101;54196;1883;56;Disconnect Req;
600;Jan 13, 2022 19:13:31.948588570 CET;192.168.1.102;192.168.1.101;54196;1883;75;[TCP Retransmission] 54196 → 1883 [FIN, PSH, ACK] Seq=55 Ack=5 Win=42336 Len=21;
601;Jan 13, 2022 19:13:31.961990838 CET;192.168.1.101;192.168.1.102;1883;54196;54;1883 → 54196 [FIN, ACK] Seq=5 Ack=77 Win=8192 Len=0;
602;Jan 13, 2022 19:13:31.962022584 CET;192.168.1.102;192.168.1.101;54196;1883;54;54196 → 1883 [ACK] Seq=77 Ack=6 Win=42335 Len=0;
603;Jan 13, 2022 19:13:41.521573872 CET;192.168.1.102;192.168.1.101;54198;1883;74;54198 → 1883 [SYN] Seq=0 Win=42340 Len=0 MSS=1460 SACK_PERM=1 TSval=3424735412 TSecr=0 WS=512;
604;Jan 13, 2022 19:13:41.526352642 CET;192.168.1.101;192.168.1.102;1883;54198;58;1883 → 54198 [SYN, ACK] Seq=0 Ack=1 Win=8192 Len=0 MSS=1460;
605;Jan 13, 2022 19:13:41.526385634 CET;192.168.1.102;192.168.1.101;54198;1883;54;54198 → 1883 [ACK] Seq=1 Ack=1 Win=42340 Len=0;
606;Jan 13, 2022 19:13:41.526694275 CET;192.168.1.102;192.168.1.101;54198;1883;108;Connect Command;
607;Jan 13, 2022 19:13:41.736524994 CET;192.168.1.102;192.168.1.101;54198;1883;108;[TCP Retransmission] 54198 → 1883 [PSH, ACK] Seq=1 Ack=1 Win=42340 Len=54;
608;Jan 13, 2022 19:13:41.743923013 CET;192.168.1.101;192.168.1.102;1883;54198;54;1883 → 54198 [ACK] Seq=1 Ack=55 Win=8192 Len=0;
609;Jan 13, 2022 19:13:41.747526316 CET;192.168.1.101;192.168.1.102;1883;54198;58;Connect Ack;
610;Jan 13, 2022 19:13:41.747577768 CET;192.168.1.102;192.168.1.101;54198;1883;54;54198 → 1883 [ACK] Seq=55 Ack=5 Win=42336 Len=0;
611;Jan 13, 2022 19:13:41.747682751 CET;192.168.1.102;192.168.1.101;54198;1883;73;Publish Message [topic];message048
612;Jan 13, 2022 19:13:41.747722552 CET;192.168.1.102;192.168.1.101;54198;1883;56;Disconnect Req;
613;Jan 13, 2022 19:13:42.188521992 CET;192.168.1.102;192.168.1.101;54198;1883;75;[TCP Retransmission] 54198 → 1883 [FIN, PSH, ACK] Seq=55 Ack=5 Win=42336 Len=21;
614;Jan 13, 2022 19:13:42.191677604 CET;192.168.1.101;192.168.1.102;1883;54198;54;1883 → 54198 [FIN, ACK] Seq=5 Ack=77 Win=8192 Len=0;
615;Jan 13, 2022 19:13:42.191691504 CET;192.168.1.102;192.168.1.101;54198;1883;54;54198 → 1883 [ACK] Seq=77 Ack=6 Win=42335 Len=0;
616;Jan 13, 2022 19:13:51.755402148 CET;192.168.1.102;192.168.1.101;54200;1883;74;54200 → 1883 [SYN] Seq=0 Win=42340 Len=0 MSS=1460 SACK_PERM=1 TSval=3424745646 TSecr=0 WS=512;
617;Jan 13, 2022 19:13:51.766310735 CET;192.168.1.101;192.168.1.102;1883;54200;58;1883 → 54200 [SYN, ACK] Seq=0 Ack=1 Win=8192 Len=0 MSS=1460;
618;Jan 13, 2022 19:13:51.766326838 CET;192.168.1.102;192.168.1.101;54200;1883;54;54200 → 1883 [ACK] Seq=1 Ack=1 Win=42340 Len=0;
619;Jan 13, 2022 19:13:51.766382780 CET;192.168.1.102;192.168.1.101;54200;1883;108;Connect Command;
620;Jan 13, 2022 19:13:51.980617604 CET;192.168.1.102;192.168.1.101;54200;1883;108;[TCP Retransmission] 54200 → 1883 [PSH, ACK] Seq=1 Ack=1 Win=42340 Len=54;
621;Jan 13, 2022 19:13:52.002926324 CET;192.168.1.101;192.168.1.102;1883;54200;54;1883 → 54200 [ACK] Seq=1 Ack=55 Win=8192 Len=0;
622;Jan 13, 2022 19:13:52.010275948 CET;192.168.1.101;192.168.1.102;1883;54200;58;Connect Ack;
623;Jan 13, 2022 19:13:52.010337761 CET;192.168.1.102;192.168.1.101;54200;1883;54;54200 → 1883 [ACK] Seq=55 Ack=5 Win=42336 Len=0;
624;Jan 13, 2022 19:13:52.010516960 CET;192.168.1.102;192.168.1.101;54200;1883;73;Publish Message [topic];message049
625;Jan 13, 2022 19:13:52.010568509 CET;192.168.1.102;192.168.1.101;54200;1883;56;Disconnect Req;
626;Jan 13, 2022 19:13:52.460651455 CET;192.168.1.102;192.168.1.101;54200;1883;75;[TCP Retransmission] 54200 → 1883 [FIN, PSH, ACK] Seq=55 Ack=5 Win=42336 Len=21;
627;Jan 13, 2022 19:13:52.481171455 CET;192.168.1.101;192.168.1.102;1883;54200;54;1883 → 54200 [FIN, ACK] Seq=5 Ack=77 Win=8192 Len=0;
628;Jan 13, 2022 19:13:52.481215203 CET;192.168.1.102;192.168.1.101;54200;1883;54;54200 → 1883 [ACK] Seq=77 Ack=6 Win=42335 Len=0;
1;Jan 13, 2022 19:05:24.991496931 CET;192.168.1.103;192.168.1.104;48808;1883;74;48808 → 1883 [SYN] Seq=0 Win=42340 Len=0 MSS=1460 SACK_PERM=1 TSval=449372435 TSecr=0 WS=512;
2;Jan 13, 2022 19:05:25.004494540 CET;192.168.1.104;192.168.1.103;1883;48808;58;1883 → 48808 [SYN, ACK] Seq=0 Ack=1 Win=8192 Len=0 MSS=1460;
3;Jan 13, 2022 19:05:25.004549718 CET;192.168.1.103;192.168.1.104;48808;1883;54;48808 → 1883 [ACK] Seq=1 Ack=1 Win=42340 Len=0;
4;Jan 13, 2022 19:05:25.004729906 CET;192.168.1.103;192.168.1.104;48808;1883;108;Connect Command;
5;Jan 13, 2022 19:05:25.225571744 CET;192.168.1.103;192.168.1.104;48808;1883;108;[TCP Retransmission] 48808 → 1883 [PSH, ACK] Seq=1 Ack=1 Win=42340 Len=54;
6;Jan 13, 2022 19:05:25.229686025 CET;192.168.1.104;192.168.1.103;1883;48808;54;1883 → 48808 [ACK] Seq=1 Ack=55 Win=8192 Len=0;
7;Jan 13, 2022 19:05:25.232074484 CET;192.168.1.104;192.168.1.103;1883;48808;58;Connect Ack;
8;Jan 13, 2022 19:05:25.232082350 CET;192.168.1.103;192.168.1.104;48808;1883;54;48808 → 1883 [ACK] Seq=55 Ack=5 Win=42336 Len=0;
9;Jan 13, 2022 19:05:25.232146676 CET;192.168.1.103;192.168.1.104;48808;1883;66;Subscribe Request (id=1) [topic];
10;Jan 13, 2022 19:05:25.676585739 CET;192.168.1.103;192.168.1.104;48808;1883;66;[TCP Retransmission] 48808 → 1883 [PSH, ACK] Seq=55 Ack=5 Win=42336 Len=12;
11;Jan 13, 2022 19:05:26.572682397 CET;192.168.1.103;192.168.1.104;48808;1883;66;[TCP Retransmission] 48808 → 1883 [PSH, ACK] Seq=55 Ack=5 Win=42336 Len=12;
12;Jan 13, 2022 19:05:27.738077336 CET;192.168.1.104;192.168.1.103;1883;48808;54;1883 → 48808 [ACK] Seq=5 Ack=67 Win=8192 Len=0;
13;Jan 13, 2022 19:05:27.741304279 CET;192.168.1.104;192.168.1.103;1883;48808;59;Subscribe Ack (id=1);
14;Jan 13, 2022 19:05:27.741322923 CET;192.168.1.103;192.168.1.104;48808;1883;54;48808 → 1883 [ACK] Seq=67 Ack=10 Win=42331 Len=0;
15;Jan 13, 2022 19:05:45.839817012 CET;192.168.1.104;192.168.1.103;1883;48808;73;Publish Message [topic];message001
16;Jan 13, 2022 19:05:45.839835919 CET;192.168.1.103;192.168.1.104;48808;1883;54;48808 → 1883 [ACK] Seq=67 Ack=29 Win=42312 Len=0;
17;Jan 13, 2022 19:05:52.548280179 CET;192.168.1.104;192.168.1.103;1883;48808;73;Publish Message [topic];message002
18;Jan 13, 2022 19:05:52.548294562 CET;192.168.1.103;192.168.1.104;48808;1883;54;48808 → 1883 [ACK] Seq=67 Ack=48 Win=42293 Len=0;
19;Jan 13, 2022 19:06:03.015723902 CET;192.168.1.104;192.168.1.103;1883;48808;73;Publish Message [topic];message003
20;Jan 13, 2022 19:06:03.015738739 CET;192.168.1.103;192.168.1.104;48808;1883;54;48808 → 1883 [ACK] Seq=67 Ack=67 Win=42274 Len=0;
21;Jan 13, 2022 19:06:13.245769607 CET;192.168.1.104;192.168.1.103;1883;48808;73;Publish Message [topic];message004
22;Jan 13, 2022 19:06:13.245783822 CET;192.168.1.103;192.168.1.104;48808;1883;54;48808 → 1883 [ACK] Seq=67 Ack=86 Win=42255 Len=0;
23;Jan 13, 2022 19:06:23.555528790 CET;192.168.1.104;192.168.1.103;1883;48808;73;Publish Message [topic];message005
24;Jan 13, 2022 19:06:23.555550358 CET;192.168.1.103;192.168.1.104;48808;1883;54;48808 → 1883 [ACK] Seq=67 Ack=105 Win=42236 Len=0;
25;Jan 13, 2022 19:06:25.557735798 CET;192.168.1.103;192.168.1.104;48808;1883;56;Ping Request;
26;Jan 13, 2022 19:06:25.561515100 CET;192.168.1.104;192.168.1.103;1883;48808;54;1883 → 48808 [ACK] Seq=105 Ack=69 Win=8192 Len=0;
27;Jan 13, 2022 19:06:25.563809397 CET;192.168.1.104;192.168.1.103;1883;48808;56;Ping Response;
28;Jan 13, 2022 19:06:25.563816004 CET;192.168.1.103;192.168.1.104;48808;1883;54;48808 → 1883 [ACK] Seq=69 Ack=107 Win=42234 Len=0;
29;Jan 13, 2022 19:06:33.749806366 CET;192.168.1.104;192.168.1.103;1883;48808;73;Publish Message [topic];message006
30;Jan 13, 2022 19:06:33.749832592 CET;192.168.1.103;192.168.1.104;48808;1883;54;48808 → 1883 [ACK] Seq=69 Ack=126 Win=42215 Len=0;
31;Jan 13, 2022 19:06:43.996573539 CET;192.168.1.104;192.168.1.103;1883;48808;73;Publish Message [topic];message007
32;Jan 13, 2022 19:06:43.996589937 CET;192.168.1.103;192.168.1.104;48808;1883;54;48808 → 1883 [ACK] Seq=69 Ack=145 Win=42215 Len=0;
33;Jan 13, 2022 19:06:54.249169263 CET;192.168.1.104;192.168.1.103;1883;48808;73;Publish Message [topic];message008
34;Jan 13, 2022 19:06:54.249187711 CET;192.168.1.103;192.168.1.104;48808;1883;54;48808 → 1883 [ACK] Seq=69 Ack=164 Win=42215 Len=0;
35;Jan 13, 2022 19:07:04.467297018 CET;192.168.1.104;192.168.1.103;1883;48808;73;Publish Message [topic];message009
36;Jan 13, 2022 19:07:04.467313513 CET;192.168.1.103;192.168.1.104;48808;1883;54;48808 → 1883 [ACK] Seq=69 Ack=183 Win=42215 Len=0;
37;Jan 13, 2022 19:07:14.713678103 CET;192.168.1.104;192.168.1.103;1883;48808;73;Publish Message [topic];message010
38;Jan 13, 2022 19:07:14.713691328 CET;192.168.1.103;192.168.1.104;48808;1883;54;48808 → 1883 [ACK] Seq=69 Ack=202 Win=42215 Len=0;
39;Jan 13, 2022 19:07:24.919867690 CET;192.168.1.104;192.168.1.103;1883;48808;73;Publish Message [topic];message011
40;Jan 13, 2022 19:07:24.919885939 CET;192.168.1.103;192.168.1.104;48808;1883;54;48808 → 1883 [ACK] Seq=69 Ack=221 Win=42215 Len=0;
41;Jan 13, 2022 19:07:25.920963751 CET;192.168.1.103;192.168.1.104;48808;1883;56;Ping Request;
42;Jan 13, 2022 19:07:25.931560694 CET;192.168.1.104;192.168.1.103;1883;48808;54;1883 → 48808 [ACK] Seq=221 Ack=71 Win=8192 Len=0;
43;Jan 13, 2022 19:07:25.935032294 CET;192.168.1.104;192.168.1.103;1883;48808;56;Ping Response;
44;Jan 13, 2022 19:07:25.935040299 CET;192.168.1.103;192.168.1.104;48808;1883;54;48808 → 1883 [ACK] Seq=71 Ack=223 Win=42215 Len=0;
45;Jan 13, 2022 19:07:34.791640438 CET;192.168.1.104;192.168.1.103;1883;48808;73;Publish Message [topic];message012
46;Jan 13, 2022 19:07:34.791658321 CET;192.168.1.103;192.168.1.104;48808;1883;54;48808 → 1883 [ACK] Seq=71 Ack=242 Win=42215 Len=0;
47;Jan 13, 2022 19:07:45.244588447 CET;192.168.1.104;192.168.1.103;1883;48808;73;Publish Message [topic];message013
48;Jan 13, 2022 19:07:45.244607717 CET;192.168.1.103;192.168.1.104;48808;1883;54;48808 → 1883 [ACK] Seq=71 Ack=261 Win=42215 Len=0;
49;Jan 13, 2022 19:07:55.480447294 CET;192.168.1.104;192.168.1.103;1883;48808;73;Publish Message [topic];message014
50;Jan 13, 2022 19:07:55.480462701 CET;192.168.1.103;192.168.1.104;48808;1883;54;48808 → 1883 [ACK] Seq=71 Ack=280 Win=42215 Len=0;
51;Jan 13, 2022 19:08:05.733701180 CET;192.168.1.104;192.168.1.103;1883;48808;73;Publish Message [topic];message015
52;Jan 13, 2022 19:08:05.733717962 CET;192.168.1.103;192.168.1.104;48808;1883;54;48808 → 1883 [ACK] Seq=71 Ack=299 Win=42215 Len=0;
53;Jan 13, 2022 19:08:15.969875899 CET;192.168.1.104;192.168.1.103;1883;48808;73;Publish Message [topic];message016
54;Jan 13, 2022 19:08:15.969890019 CET;192.168.1.103;192.168.1.104;48808;1883;54;48808 → 1883 [ACK] Seq=71 Ack=318 Win=42215 Len=0;
55;Jan 13, 2022 19:08:25.982490718 CET;192.168.1.103;192.168.1.104;48808;1883;56;Ping Request;
56;Jan 13, 2022 19:08:25.994598271 CET;192.168.1.104;192.168.1.103;1883;48808;54;1883 → 48808 [ACK] Seq=318 Ack=73 Win=8192 Len=0;
57;Jan 13, 2022 19:08:26.002807339 CET;192.168.1.104;192.168.1.103;1883;48808;56;Ping Response;
58;Jan 13, 2022 19:08:26.002826262 CET;192.168.1.103;192.168.1.104;48808;1883;54;48808 → 1883 [ACK] Seq=73 Ack=320 Win=42215 Len=0;
59;Jan 13, 2022 19:08:26.196274639 CET;192.168.1.104;192.168.1.103;1883;48808;73;Publish Message [topic];message017
60;Jan 13, 2022 19:08:26.196289204 CET;192.168.1.103;192.168.1.104;48808;1883;54;48808 → 1883 [ACK] Seq=73 Ack=339 Win=42215 Len=0;
61;Jan 13, 2022 19:08:36.455649286 CET;192.168.1.104;192.168.1.103;1883;48808;73;Publish Message [topic];message018
62;Jan 13, 2022 19:08:36.455667161 CET;192.168.1.103;192.168.1.104;48808;1883;54;48808 → 1883 [ACK] Seq=73 Ack=358 Win=42215 Len=0;
63;Jan 13, 2022 19:08:46.680991185 CET;192.168.1.104;192.168.1.103;1883;48808;73;Publish Message [topic];message019
64;Jan 13, 2022 19:08:46.681010725 CET;192.168.1.103;192.168.1.104;48808;1883;54;48808 → 1883 [ACK] Seq=73 Ack=377 Win=42215 Len=0;
65;Jan 13, 2022 19:08:56.925153920 CET;192.168.1.104;192.168.1.103;1883;48808;73;Publish Message [topic];message020
66;Jan 13, 2022 19:08:56.925168938 CET;192.168.1.103;192.168.1.104;48808;1883;54;48808 → 1883 [ACK] Seq=73 Ack=396 Win=42215 Len=0;
67;Jan 13, 2022 19:09:06.717553051 CET;192.168.1.104;192.168.1.103;1883;48808;73;Publish Message [topic];message021
68;Jan 13, 2022 19:09:06.717569431 CET;192.168.1.103;192.168.1.104;48808;1883;54;48808 → 1883 [ACK] Seq=73 Ack=415 Win=42215 Len=0;
69;Jan 13, 2022 19:09:17.226504277 CET;192.168.1.104;192.168.1.103;1883;48808;73;Publish Message [topic];message022
70;Jan 13, 2022 19:09:17.226519484 CET;192.168.1.103;192.168.1.104;48808;1883;54;48808 → 1883 [ACK] Seq=73 Ack=434 Win=42215 Len=0;
71;Jan 13, 2022 19:09:25.235944451 CET;192.168.1.103;192.168.1.104;48808;1883;56;Ping Request;
72;Jan 13, 2022 19:09:25.238867773 CET;192.168.1.104;192.168.1.103;1883;48808;54;1883 → 48808 [ACK] Seq=434 Ack=75 Win=8192 Len=0;
73;Jan 13, 2022 19:09:25.240875605 CET;192.168.1.104;192.168.1.103;1883;48808;56;Ping Response;
74;Jan 13, 2022 19:09:25.240882563 CET;192.168.1.103;192.168.1.104;48808;1883;54;48808 → 1883 [ACK] Seq=75 Ack=436 Win=42215 Len=0;
75;Jan 13, 2022 19:09:27.422855969 CET;192.168.1.104;192.168.1.103;1883;48808;73;Publish Message [topic];message023
76;Jan 13, 2022 19:09:27.422866419 CET;192.168.1.103;192.168.1.104;48808;1883;54;48808 → 1883 [ACK] Seq=75 Ack=455 Win=42215 Len=0;
77;Jan 13, 2022 19:09:37.659648448 CET;192.168.1.104;192.168.1.103;1883;48808;73;Publish Message [topic];message024
78;Jan 13, 2022 19:09:37.659669202 CET;192.168.1.103;192.168.1.104;48808;1883;54;48808 → 1883 [ACK] Seq=75 Ack=474 Win=42215 Len=0;
79;Jan 13, 2022 19:09:47.954035597 CET;192.168.1.104;192.168.1.103;1883;48808;73;Publish Message [topic];message025
80;Jan 13, 2022 19:09:47.954054020 CET;192.168.1.103;192.168.1.104;48808;1883;54;48808 → 1883 [ACK] Seq=75 Ack=493 Win=42215 Len=0;
81;Jan 13, 2022 19:09:57.732247250 CET;192.168.1.104;192.168.1.103;1883;48808;73;Publish Message [topic];message026
82;Jan 13, 2022 19:09:57.732263836 CET;192.168.1.103;192.168.1.104;48808;1883;54;48808 → 1883 [ACK] Seq=75 Ack=512 Win=42215 Len=0;
83;Jan 13, 2022 19:10:07.782941927 CET;192.168.1.104;192.168.1.103;1883;48808;73;Publish Message [topic];message027
84;Jan 13, 2022 19:10:07.782958138 CET;192.168.1.103;192.168.1.104;48808;1883;54;48808 → 1883 [ACK] Seq=75 Ack=531 Win=42215 Len=0;
85;Jan 13, 2022 19:10:18.217716303 CET;192.168.1.104;192.168.1.103;1883;48808;73;Publish Message [topic];message028
86;Jan 13, 2022 19:10:18.217737359 CET;192.168.1.103;192.168.1.104;48808;1883;54;48808 → 1883 [ACK] Seq=75 Ack=550 Win=42215 Len=0;
87;Jan 13, 2022 19:10:25.225773244 CET;192.168.1.103;192.168.1.104;48808;1883;56;Ping Request;
88;Jan 13, 2022 19:10:25.228961459 CET;192.168.1.104;192.168.1.103;1883;48808;54;1883 → 48808 [ACK] Seq=550 Ack=77 Win=8192 Len=0;
89;Jan 13, 2022 19:10:25.231070835 CET;192.168.1.104;192.168.1.103;1883;48808;56;Ping Response;
90;Jan 13, 2022 19:10:25.231076263 CET;192.168.1.103;192.168.1.104;48808;1883;54;48808 → 1883 [ACK] Seq=77 Ack=552 Win=42215 Len=0;
91;Jan 13, 2022 19:10:28.466319993 CET;192.168.1.104;192.168.1.103;1883;48808;73;Publish Message [topic];message029
92;Jan 13, 2022 19:10:28.466338229 CET;192.168.1.103;192.168.1.104;48808;1883;54;48808 → 1883 [ACK] Seq=77 Ack=571 Win=42215 Len=0;
93;Jan 13, 2022 19:10:38.720006931 CET;192.168.1.104;192.168.1.103;1883;48808;73;Publish Message [topic];message030
94;Jan 13, 2022 19:10:38.720021442 CET;192.168.1.103;192.168.1.104;48808;1883;54;48808 → 1883 [ACK] Seq=77 Ack=590 Win=42215 Len=0;
95;Jan 13, 2022 19:10:48.987383519 CET;192.168.1.104;192.168.1.103;1883;48808;73;Publish Message [topic];message031
96;Jan 13, 2022 19:10:48.987406729 CET;192.168.1.103;192.168.1.104;48808;1883;54;48808 → 1883 [ACK] Seq=77 Ack=609 Win=42215 Len=0;
97;Jan 13, 2022 19:10:58.743308777 CET;192.168.1.104;192.168.1.103;1883;48808;73;Publish Message [topic];message032
98;Jan 13, 2022 19:10:58.743323325 CET;192.168.1.103;192.168.1.104;48808;1883;54;48808 → 1883 [ACK] Seq=77 Ack=628 Win=42215 Len=0;
99;Jan 13, 2022 19:11:09.211651345 CET;192.168.1.104;192.168.1.103;1883;48808;73;Publish Message [topic];message033
100;Jan 13, 2022 19:11:09.211668094 CET;192.168.1.103;192.168.1.104;48808;1883;54;48808 → 1883 [ACK] Seq=77 Ack=647 Win=42215 Len=0;
101;Jan 13, 2022 19:11:19.414528132 CET;192.168.1.104;192.168.1.103;1883;48808;73;Publish Message [topic];message034
102;Jan 13, 2022 19:11:19.414552807 CET;192.168.1.103;192.168.1.104;48808;1883;54;48808 → 1883 [ACK] Seq=77 Ack=666 Win=42215 Len=0;
103;Jan 13, 2022 19:11:25.421579984 CET;192.168.1.103;192.168.1.104;48808;1883;56;Ping Request;
104;Jan 13, 2022 19:11:25.425901103 CET;192.168.1.104;192.168.1.103;1883;48808;54;1883 → 48808 [ACK] Seq=666 Ack=79 Win=8192 Len=0;
105;Jan 13, 2022 19:11:25.429042079 CET;192.168.1.104;192.168.1.103;1883;48808;56;Ping Response;
106;Jan 13, 2022 19:11:25.429051169 CET;192.168.1.103;192.168.1.104;48808;1883;54;48808 → 1883 [ACK] Seq=79 Ack=668 Win=42215 Len=0;
107;Jan 13, 2022 19:11:29.245808359 CET;192.168.1.104;192.168.1.103;1883;48808;73;Publish Message [topic];message035
108;Jan 13, 2022 19:11:29.245821334 CET;192.168.1.103;192.168.1.104;48808;1883;54;48808 → 1883 [ACK] Seq=79 Ack=687 Win=42215 Len=0;
109;Jan 13, 2022 19:11:39.672526998 CET;192.168.1.104;192.168.1.103;1883;48808;73;Publish Message [topic];message036
110;Jan 13, 2022 19:11:39.672543030 CET;192.168.1.103;192.168.1.104;48808;1883;54;48808 → 1883 [ACK] Seq=79 Ack=706 Win=42215 Len=0;
111;Jan 13, 2022 19:11:49.970374422 CET;192.168.1.104;192.168.1.103;1883;48808;73;Publish Message [topic];message037
112;Jan 13, 2022 19:11:49.970391051 CET;192.168.1.103;192.168.1.104;48808;1883;54;48808 → 1883 [ACK] Seq=79 Ack=725 Win=42215 Len=0;
113;Jan 13, 2022 19:12:00.231759836 CET;192.168.1.104;192.168.1.103;1883;48808;73;Publish Message [topic];message038
114;Jan 13, 2022 19:12:00.231780934 CET;192.168.1.103;192.168.1.104;48808;1883;54;48808 → 1883 [ACK] Seq=79 Ack=744 Win=42215 Len=0;
115;Jan 13, 2022 19:12:09.992200514 CET;192.168.1.104;192.168.1.103;1883;48808;73;Publish Message [topic];message039
116;Jan 13, 2022 19:12:09.992217206 CET;192.168.1.103;192.168.1.104;48808;1883;54;48808 → 1883 [ACK] Seq=79 Ack=763 Win=42215 Len=0;
117;Jan 13, 2022 19:12:20.434839025 CET;192.168.1.104;192.168.1.103;1883;48808;73;Publish Message [topic];message040
118;Jan 13, 2022 19:12:20.434854699 CET;192.168.1.103;192.168.1.104;48808;1883;54;48808 → 1883 [ACK] Seq=79 Ack=782 Win=42215 Len=0;
119;Jan 13, 2022 19:12:25.438414988 CET;192.168.1.103;192.168.1.104;48808;1883;56;Ping Request;
120;Jan 13, 2022 19:12:25.449451412 CET;192.168.1.104;192.168.1.103;1883;48808;54;1883 → 48808 [ACK] Seq=782 Ack=81 Win=8192 Len=0;
121;Jan 13, 2022 19:12:25.455876156 CET;192.168.1.104;192.168.1.103;1883;48808;56;Ping Response;
122;Jan 13, 2022 19:12:25.455895083 CET;192.168.1.103;192.168.1.104;48808;1883;54;48808 → 1883 [ACK] Seq=81 Ack=784 Win=42215 Len=0;
123;Jan 13, 2022 19:12:30.746398176 CET;192.168.1.104;192.168.1.103;1883;48808;73;Publish Message [topic];message041
124;Jan 13, 2022 19:12:30.746419186 CET;192.168.1.103;192.168.1.104;48808;1883;54;48808 → 1883 [ACK] Seq=81 Ack=803 Win=42215 Len=0;
125;Jan 13, 2022 19:12:40.946777410 CET;192.168.1.104;192.168.1.103;1883;48808;73;Publish Message [topic];message042
126;Jan 13, 2022 19:12:40.946792092 CET;192.168.1.103;192.168.1.104;48808;1883;54;48808 → 1883 [ACK] Seq=81 Ack=822 Win=42215 Len=0;
127;Jan 13, 2022 19:12:51.240684106 CET;192.168.1.104;192.168.1.103;1883;48808;73;Publish Message [topic];message043
128;Jan 13, 2022 19:12:51.240705438 CET;192.168.1.103;192.168.1.104;48808;1883;54;48808 → 1883 [ACK] Seq=81 Ack=841 Win=42215 Len=0;
129;Jan 13, 2022 19:13:01.457632334 CET;192.168.1.104;192.168.1.103;1883;48808;73;Publish Message [topic];message044
130;Jan 13, 2022 19:13:01.457666938 CET;192.168.1.103;192.168.1.104;48808;1883;54;48808 → 1883 [ACK] Seq=81 Ack=860 Win=42215 Len=0;
131;Jan 13, 2022 19:13:11.276066538 CET;192.168.1.104;192.168.1.103;1883;48808;73;Publish Message [topic];message045
132;Jan 13, 2022 19:13:11.276080797 CET;192.168.1.103;192.168.1.104;48808;1883;54;48808 → 1883 [ACK] Seq=81 Ack=879 Win=42215 Len=0;
133;Jan 13, 2022 19:13:21.750106925 CET;192.168.1.104;192.168.1.103;1883;48808;73;Publish Message [topic];message046
134;Jan 13, 2022 19:13:21.750130261 CET;192.168.1.103;192.168.1.104;48808;1883;54;48808 → 1883 [ACK] Seq=81 Ack=898 Win=42215 Len=0;
135;Jan 13, 2022 19:13:25.754488581 CET;192.168.1.103;192.168.1.104;48808;1883;56;Ping Request;
136;Jan 13, 2022 19:13:25.757885346 CET;192.168.1.104;192.168.1.103;1883;48808;54;1883 → 48808 [ACK] Seq=898 Ack=83 Win=8192 Len=0;
137;Jan 13, 2022 19:13:25.759849159 CET;192.168.1.104;192.168.1.103;1883;48808;56;Ping Response;
138;Jan 13, 2022 19:13:25.759855024 CET;192.168.1.103;192.168.1.104;48808;1883;54;48808 → 1883 [ACK] Seq=83 Ack=900 Win=42215 Len=0;
139;Jan 13, 2022 19:13:32.005053742 CET;192.168.1.104;192.168.1.103;1883;48808;73;Publish Message [topic];message047
140;Jan 13, 2022 19:13:32.005089166 CET;192.168.1.103;192.168.1.104;48808;1883;54;48808 → 1883 [ACK] Seq=83 Ack=919 Win=42215 Len=0;
141;Jan 13, 2022 19:13:42.224353721 CET;192.168.1.104;192.168.1.103;1883;48808;73;Publish Message [topic];message048
142;Jan 13, 2022 19:13:42.224367956 CET;192.168.1.103;192.168.1.104;48808;1883;54;48808 → 1883 [ACK] Seq=83 Ack=938 Win=42215 Len=0;
143;Jan 13, 2022 19:13:52.521551218 CET;192.168.1.104;192.168.1.103;1883;48808;73;Publish Message [topic];message049
144;Jan 13, 2022 19:13:52.521566618 CET;192.168.1.103;192.168.1.104;48808;1883;54;48808 → 1883 [ACK] Seq=83 Ack=957 Win=42215 Len=0;
